fasta_header,length,radius_of_gyration,sequence
A0A024R1X5_DISORDER_48_72,25,13.784316778182983,TTAQAKPGETQEEETNSGEEPFIET
A0A075B6G3_DISORDER_3528_3554,27,15.970684998699872,KQQHEHKGLSPLPSPPEMMPTSPQSPR
A0A075B6G3_DISORDER_3603_3685,83,27.946364651462968,EAKVNGTTVSSPSTSLQRSDSSQPMLLRVVGSQTSDSMGEEDLLSPPQDTSTGLEEVMEQLNNSFPSSRGRNTPGKPMREDTM
A0A087WV00_DISORDER_15_74,60,23.349870492493636,AARGPARAPAAAAAAAASPPGPCSGAACAPSAAAGAGAMNPSSSAGEEKGATGGSSSSGS
A0A087WV00_DISORDER_334_358,25,14.034953117370604,LKASNRKKKRTSFKRKASKRGMEQE
A0A087WV00_DISORDER_1014_1033,20,11.945526172510595,RKTDSKGKTPQERAQQAGDP
A0A087WZT3_DISORDER_20_44,25,13.079736232757568,HVLPSPGGVGQVRGETAASETQLGS
A0A090N8E9_DISORDER_180_221,42,18.89982310523914,QYNDDDDDDDGDDPEEREEKQKDLEDHRDDKESRPPRKFPSD
A0A090N8E9_DISORDER_345_431,87,28.417470028808953,AERIKTPPKRPGGRRRGRLPNNSSRPSTPTINVLESKDTDSDREAGTETGGENNDKEEEEKKDETSSSSEANSRCQTPIKMKPNIEP
A0A0A0MQU7_DISORDER_40_81,42,18.159885554547454,GEGPLDKGESCGGGRGELAELPNGLGETRGSEDETDDDGEDF
A0A0A0MQU7_DISORDER_183_205,23,13.101724023033318,GGLIEEPTGDELPTKKGRRNRFK
A0A0A0MQU7_DISORDER_283_358,76,27.876164647536015,MDTYSGPPPGPGPGPALPAHSSPGLPPPALSPSKVHGVRYGQPATSETAEVPSSSGGPLVTVSTPLHQVSPTGLEP
A0A0A0MQU7_DISORDER_545_567,23,12.967966153449082,SDTEASSESGLHTPASQATTLHV
A0A0B4J1S7_DISORDER_676_700,25,14.582037925720217,SVKLRSPKSELHQDRSSPPPPLPER
A0A0B4J1S7_DISORDER_724_746,23,12.82662286651654,SYPDTMENSTSSKQTLKTPGKSF
A0A0B4J2F2_DISORDER_353_377,25,14.6120023727417,CARPGPARQPRPRSSDLSGLEVPQE
A0A0B4J2F2_DISORDER_449_477,29,14.32950634859862,RQGPGLEEEQDTQESLPSSTGRRHTLAEV
A0A0C3SFZ9_DISORDER_294_352,59,23.8094084322711,LSRREREPEPPAAVDFLEPDSGTCPEVDEEGFTVRPDVTQNSTAEPSRFSSSDSDFDDE
A0A0C3SFZ9_DISORDER_382_596,215,48.535888264314806,ATAGSLILPPGPGGTMKRHSSRDAAGKPQRPRSAPRTSSCAERLQSEEQVSKNLFGPPLESAFDHEDFTGSSSLGFTSSPSPFSSSSPENVEDSGLDSPSHAAPGPSPDSWVPRPGTPQSPPSCRAPPPEARGIRAPPLPDSPQPLASSPGPWGLEALAGGDLMPAPADPTAREGLAAPPRRLRSRKVSCPLTRSNGDLSRSLSPSPLGSSAAST
A0A0C3SFZ9_DISORDER_826_849,24,13.588759588553794,AGGSGRLSASWEPLSGPSTPSPVA
A0A0C4DGF1_DISORDER_112_244,133,36.56413039676928,ARGDRAKKPDPGLKKHQEEPEKPSRNPERELGDPGEKQKPEQVSRTGGREQEMLHKHSPPRGRPEMAGATQEAQQEQTRSKEKRLQAPVGQRGADGKHGVLTWLRENPGGSEESLRKLPGPLPPAGSLQTSVT
A0A0K0K1K3_DISORDER_50_92,43,18.100329755403926,FIHGHRGGSGSGSGGSGKASDPAGGGPNHHAPQLSGDSALPLY
A0A0K0K1K3_DISORDER_1223_1251,29,14.696288581347732,GHYNRRTLLSPSGTEPGAQAEGTDKSDLP
A0A0S2Z391_DISORDER_1_28,28,15.602606919740252,MASGQGPGPPRQECGEPALPSASEEQVA
A0A0S2Z3A9_DISORDER_1_25,25,14.170058965682983,MAEERVATRTQFPVSTESQKPRQKK
A0A0S2Z3A9_DISORDER_440_519,80,27.729882078987806,VKDPKSKHQTTSTSKPASFQQPLGSNQALGQAMSSAAAYRTLPSGAGGTSQFTKPPSLPLEPEPAVESSPTETSEQIREK
A0A0S2Z3C5_DISORDER_28_71,44,19.05720839518252,SDVEENRTEAPEGTESEMETPSAINGNPSWHLADSPAVNGATGH
A0A0S2Z3C7_DISORDER_223_277,55,22.183735834301523,TNKAPHPKQEPQEINFPDDLPGSNTAAPVQETLHGCQPVTQEDGKESRISVQERQ
A0A0S2Z3Q4_DISORDER_61_85,25,16.29138469696045,IINSSGPRPPVPPSPAQPPPGVSPS
A0A0S2Z3Q4_DISORDER_201_229,29,15.87804629083574,IGGNQEGSHPQPLGGPEPGPYAQPSVNTP
A0A0S2Z3W6_DISORDER_1_31,31,15.01670666127322,MGRGAGREYSPAATTAENGGGKKKQKEKELD
A0A0S2Z3W6_DISORDER_212_231,20,11.85695678951548,DNSSLTGESEPQTRSPEFTH
A0A0S2Z478_DISORDER_32_61,30,16.910393854172582,PGARQAPQHPQPLDFFQPPPQSEQPQQPQA
A0A0S2Z478_DISORDER_85_105,21,12.05495301069356,APLSPASSLLAGGSGSRPSPE
A0A0S2Z478_DISORDER_136_158,23,12.975067906109665,GARNALGGHQEAPERERRSEEPP
A0A0S2Z4C6_DISORDER_475_521,47,19.956359507042,GLDRINERMPPRRDAMPSDANLNSINKALTSETNGTDSNGSNSSNIQ
A0A0S2Z4D1_DISORDER_312_331,20,13.418412396762626,KHPPAEAPVPIPPSPDTKDR
A0A0S2Z4D1_DISORDER_397_433,37,17.754244705806585,AAQLSTKSRAEGRAPNPARKACSASSKIRRLSACKQQ
A0A0S2Z4D2_DISORDER_1_64,64,22.107372283935547,MTELPAPLSYFQNAQMSEDNHLSNTNDNRERQEHNDRRSLGHPEPLSNGRPQGNSRQVVEQDEE
A0A0S2Z4D2_DISORDER_301_329,29,14.097405106530868,AQRRVSKNSKYNAESTERESQDTVAENDD
A0A0S2Z4G9_DISORDER_1_29,29,13.968218023827976,MNQSRSRSDGGSEETLPQDHNHHENERRW
A0A0S2Z4G9_DISORDER_81_107,27,13.90191636906002,EQLASQPDLRDGTNYRDSEVPRESSHE
A0A0S2Z4G9_DISORDER_156_176,21,11.86380877430611,CTTTSNNHTGPSSEKDPSWRK
A0A0S2Z4M1_DISORDER_1_78,78,27.180094531488074,MNIQEQGFPLDLGASFTEDAPRPPVPGEEGELVSTDPRPASYSFCSGKGVGIKGETSTATPRRSDLDLGYEPEGSASP
A0A0S2Z4M1_DISORDER_215_293,79,26.467732703200728,SESPKVCSDQSSGSGTGKGISGYLPTLNEDEEWKCDQDMDEDDGRDAAPPGRLPQKLLLETAAPRVSSSRRYSEGREFR
A0A0S2Z4M1_DISORDER_366_394,29,15.51749878983317,LKRVRMEEEGEDGDPSSGPPGPCHKLPPA
A0A0S2Z4M1_DISORDER_433_453,21,12.529837984037616,RTPGRQSPGPGHRSPDSGHVA
A0A0S2Z4M1_DISORDER_484_582,99,28.38629103121619,HHRHVHHHVHHSTARPKEQVEAEATRRAQSSFAWGLEPHSHGARSRGYSESVGAAPNASDGLAHSGKVGVACKRNAKKAESGKSASTEVPGASEDAEKN
A0A0S2Z4M1_DISORDER_594_632,39,17.918912019993073,KEISRHRRTGHGSSGTRKPQPHENSRPLSLEHPWAGPQL
A0A0S2Z4M1_DISORDER_665_693,29,14.935037978478004,RRLEEEEKRASRAPSKQRTRSQRKVGGGS
A0A0S2Z4N5_DISORDER_123_171,49,20.2580304145813,QIQNGSSSTSPYNTDHAQNSVTAPSPYAQPSSTFDALSPSPAIPSNTDY
A0A0S2Z4N5_DISORDER_351_393,43,18.7805842055897,DRKADEDSIRKQQVSDSTKNGDGTKRPFRQNTHGIQMTSIKKR
A0A0S2Z4N5_DISORDER_435_472,38,17.121052373578642,YRQQQQQQHQHLLQKQTSIQSPSSYGNSSPPLNKMNSM
A0A0S2Z4Q4_DISORDER_223_245,23,14.406875459907065,AEGKATSTTELPPEYLTSPLSQQ
A0A0S2Z4Q4_DISORDER_259_328,70,26.621751415397707,KKQEEARKSPTPSAPVPLTEPAAQPGEGHAAPTNVVENPLPETDSQPIPPSGGPFSEPQFHNGESEESHE
A0A0S2Z4Q4_DISORDER_640_699,60,24.41710571099781,LPSQDASLPPQQPYIAGQQPMYQQMAPSGGPPQQQPPVAQQPQAQGPPAQGSEAQLISFD
A0A0S2Z4R0_DISORDER_1_78,78,27.180094531488074,MNIQEQGFPLDLGASFTEDAPRPPVPGEEGELVSTDPRPASYSFCSGKGVGIKGETSTATPRRSDLDLGYEPEGSASP
A0A0S2Z4R0_DISORDER_215_289,75,26.024745747412386,SESPKVCSDQSSGSGTGKGISGYLPTLNEDEEWKCDQDMDEDDGRDAAPPGRLPQKLLLETAAPRVSSSRRYSEG
A0A0S2Z4R0_DISORDER_316_344,29,15.073823672082282,TSANDSEQQSLSSDADTLSLTDSSVDGIP
A0A0S2Z4R0_DISORDER_413_441,29,15.51749878983317,LKRVRMEEEGEDGDPSSGPPGPCHKLPPA
A0A0S2Z4R0_DISORDER_480_500,21,12.529837984037616,RTPGRQSPGPGHRSPDSGHVA
A0A0S2Z4R0_DISORDER_531_629,99,28.38629103121619,HHRHVHHHVHHSTARPKEQVEAEATRRAQSSFAWGLEPHSHGARSRGYSESVGAAPNASDGLAHSGKVGVACKRNAKKAESGKSASTEVPGASEDAEKN
A0A0S2Z4R0_DISORDER_641_679,39,17.918912019993073,KEISRHRRTGHGSSGTRKPQPHENSRPLSLEHPWAGPQL
A0A0S2Z4U3_DISORDER_1_36,36,18.0795636177063,MAIAYLGSSCPSQPPSSLALSLSPTPSDFEQESGIE
A0A0S2Z4U3_DISORDER_78_101,24,13.072259563187403,EEPSQRATTVSTTMATTAATSTGD
A0A0S2Z4U3_DISORDER_153_254,102,33.9789565065296,TTPEAPSPPTTAAVLDTEAPTPRLVSTATSRPRALPRPATTQEPDIPERSTLPLGTTAPGPTEVAQTPTPETFLTTIRDEPEVPVSGGPSGDFELPEEETTQ
A0A0S2Z4U3_DISORDER_268_295,28,15.597443221488438,AAKASSPPGTLPKGARPGPGLLDNAIDS
A0A0S2Z4U3_DISORDER_347_370,24,13.06473642541138,YTLEEPKQASVTYQKPDKQEEFYA
A0A0S2Z4Z8_DISORDER_338_369,32,16.26244848902379,NHGPQEESCGSSQLHENSGSPETSRSLPAPQD
A0A0S2Z5J4_DISORDER_1_31,31,14.762267386847451,MSSNSFPYNEQSGGGEATELGQEATSTISPS
A0A0S2Z5J4_DISORDER_268_292,25,13.041768074035645,DNGKNFYESDDDQKEKTDKKKKPYT
A0A0S2Z5J4_DISORDER_662_811,150,38.58084870600046,PAGKAKQENSAKKFYSESEEEEDSSDSSSDSESESGSESGEQGESGEEGDSNEDSSEDSSSEQDSESGRESGLENKRTAKRNSKAKGKSDSEDGEKENEKSKTSDSSNDESSSIEDSSSDSESESEPESESESRRVTKEKEKKTKQDRTP
A0A0S2Z5U8_DISORDER_286_351,66,25.110504627869897,PNPSELRAKPPSSSSTCTDSATRDISEGGESPVVQSDEEEVQVDTALATSHTDREATPDGGEDSDS
A0A0S2Z5X4_DISORDER_1_22,22,13.57381072763328,MAPPPAPLLAPRPGETRPGCRK
A0A0S2Z5X4_DISORDER_62_97,36,18.178645133972168,LGALGDVPNRKEEEPEEVPRAKGPRKAPVKESPEVL
A0A0S2Z5X4_DISORDER_198_217,20,12.886980105187426,CSGGRRGRRPGIRAVPRAPV
A0A0U1RQS4_DISORDER_288_334,47,20.86246130748501,EEKDRDRDADQESNISGPLAGRAGQSKISPAPPAPPAPPPRGPKRKL
A0A0U1RQS4_DISORDER_532_556,25,15.565710067749023,TRKPEEDGARRRAPPPPKRAPSTTL
A0A0U1RQS4_DISORDER_627_720,94,30.66903586948425,RQGLPGPEKLPGSLRKGIPRTKSVGEDEKLASLLEGRFPRSTSMQDPVREGRGIPPPPQTAPPPPPAPYYFDSGPPPAFSPPPPPGRAYDTVRS
A0A0U1RQS4_DISORDER_738_888,151,40.00136598641163,YEPGAALGPLPYPERQKRARSMIILQDSAPESGDAPRPPPAATPPERPKRRPRPPGPDSPYANLGAFSASLFAPSKPQRRKSPLVKQLQVEDAQERAALAVGSPGPGGGSFAREPSPTHRGPRPGGLDYGAGDGPGLAFGGPGPAKDRRLE
A0A0U1RQS4_DISORDER_982_1327,346,66.99821249781101,RERALASQAPSRSPTPVHSPDADRPGPLFVDVQARDPERGSLASPAFSPRSPAWIPVPARREAEKVPREERKSPEDKKSMILSVLDTSLQRPAGLIVVHATSNGQEPSRLGGAEEERPGTPELAPAPMQSAAVAEPLPSPRAQPPGGTPADAGPGQGSSEEEPELVFAVNLPPAQLSSSDEETREELARIGLVPPPEEFANGVLLATPLAGPGPSPTTVPSPASGKPSSEPPPAPESAADSGVEEADTRSSSDPHLETTSTISTVSSMSTLSSESGELTDTHTSFADGHTFLLEKPPVPPKPKLKSPLGKGPVTFRDPLLKQSSDSELMAQQHHAASAGLASAAGP
A0A0U1RQS4_DISORDER_1342_1391,50,21.080420632299823,GDPVESRGLPGPEDDKPTVISELSSRLQQLNKDTRSLGEEPVGGLGSLLD
A0A0U1RQS4_DISORDER_1422_1460,39,18.495098632936777,ISAQRSPGGPGGGASYSVRPSGRYPVARRAPSPVKPASL
A0A0U1RQS4_DISORDER_1503_1540,38,18.89262416861562,VRSVSARSRSPSPSPLPSPASGPGPGAPGPRRPFQQKP
A0A0U1RRE5_DISORDER_1_68,68,25.929002300333828,MGDQPCASGRSTLPPGNAREAKPPKKRCLLAPRWDYPEGTPNGGSTTLPSAPPPASAGLKSHPPPPEK
A0A0U2ZQU7_DISORDER_747_767,21,11.542692269653902,DTRDNVYYYDEEGGGEEDQDF
A0A140VJC8_DISORDER_194_284,91,35.24067480480185,DNVDSADAEEDDSDVWWGGADTDYADGSEDKVVEVAEEEEVAEVEEEEADDDEDDEDGDEVEEEAEEPYEEATERTTSIATTTTTTTESVE
A0A140VJM0_DISORDER_855_889,35,17.558083752594655,PLNLTLSDPGDRPSSPQRRRRQLDPGGGQGPPPVT
A0A140VKC4_DISORDER_1_132,132,36.2675425668012,MAAAAAAAPSGGGGGGEEERLEEKSEDQDLQGLKDKPLKFKKVKKDKKEEKEGKHEPVQPSAHHSAEPAEAGKAETSEGSGSAPAVPEASASPKQRRSIIRDRGPMYDDPTLPEGWTRKLKQRKSGRSAGKY
A0A140VKC4_DISORDER_159_287,129,38.90351928851963,DTSLDPNDFDFTVTGRGSPSRREQKPPKKPKSPKAPGTGRGRGRPKGSGTTRPKAATSEGVQVKRVLEKSPGKLLVKMPFQTSPGGKAEGGGATTSTQVMVIKRPGRKRKAEADPQAIPKKRGRKPGSV
A0A140VKC4_DISORDER_335_498,164,43.44653124312856,LLVSTLGEKSGKGLKTCKSPGRKSKESSPKGRSSSASSPPKKEHHHHHHHSESPKAPVPLLPPLPPPPPEPESSEDPTSPPEPQDLSSSVCKEEKMPRGGSLESDGCPKEPAKTQPAVATAATAAEKYKHRGEGERKDIVSSSMPRPNREEPVDSRTPVTERVS
A0A1B0GTW7_DISORDER_40_59,20,12.203811156527763,SQLPSKSRSSSLTLPSSRDP
A0A1B0GTW7_DISORDER_767_788,22,12.982393734594211,SASYHSPELHSTRVPVRGIREV
A0A1B0GWI1_DISORDER_122_143,22,12.545353371101331,EELSDQQKAPQTKNKADLQDGK
A0A1U9X797_DISORDER_184_223,40,19.55528383609492,PPAPSLRATRHSRAAAVDPTPAAPARKLPPKRAEGDIKPY
A0A1U9X797_DISORDER_240_272,33,18.186736859254644,PLNRAPRRATPPAHPPPRSSSLGNSPERGPLRP
A0A1U9X797_DISORDER_294_390,97,29.27124569336887,LLLAADPGGSPAQRRRTRGTPPGLVAQSCCYSRHGGVNSSSPNTGNQDSKQGEQETKNRSASEEQALSQDGSGEKPMHTAPPQAPAPPAQSWTVGGD
A0A1U9X7R0_DISORDER_867_892,26,13.02343267182072,QSEAQDTMKTGSSTNNNEEEKSRLLE
A0A1U9X7R0_DISORDER_909_961,53,23.16578294814995,VSELRHQLQSRQQLRSRRHPPTPPEPSGGLPRGPPEPPDRLSCDGSRVHLLYK
A0A1U9X8X8_DISORDER_38_247,210,43.4646082214917,FSDPCKDPTRITSPNDPCLTGKGDSSGFSSYSGSSSSGSSISSARSSGGGSSGSSSGSSIAQGGSAGSFKPGTGYSQVSYSSGSGSSLQGASGSSQLGSSSSHSGSSGSHSGSSSHSSSSSSFQFSSSSFQVGNGSALPTNDNSYRGILNPSQPGQSSSSSQTFGVSSSGQSVSSNQRPCSSDIPDSPCSGGPIVSHSGPYIPSSHSVSG
A0A1U9X8X8_DISORDER_382_491,110,33.64543469089305,GSTGSKGPCSPSSSRVPSSSSISSSSGLPYHPCGSASQSPCSPPGTGSFSSSSSSQSSGKIILQPCGSKSSSSGHPCMSVSSLTLTGGPDGSPHPDPSAGAKPCGSSSAG
A0A218KGQ4_DISORDER_1_70,70,25.18344876610903,MLTFMASDSEEEVCDERTSLMSAESPTPRSCQEGRQGPEDGENTAQWRSQENEEDGEEDPDRYVCSGVPG
A0A218KGR2_DISORDER_194_284,91,35.24067480480185,DNVDSADAEEDDSDVWWGGADTDYADGSEDKVVEVAEEEEVAEVEEEEADDDEDDEDGDEVEEEAEEPYEEATERTTSIATTTTTTTESVE
A0A2P9DU05_DISORDER_1_27,27,15.20586902949019,MSRPPPTGKMPGAPETAPGDGAGASRQ
A0A2P9DU05_DISORDER_1345_1388,44,20.71283858342222,VKKIPKKPPAPDPFARSSPRTSMKIQQNQSIRRPSRQLAPNKPS
A0A2R8Y4I8_DISORDER_1_43,43,21.550158554853788,MNSPGGRGKKKGSGGASNPVPPRPPPPCLAPAPPAAGPAPPPE
A0A2R8Y4I8_DISORDER_196_281,86,29.738126690093026,SGAVPKRKDPLTHTSNSLPRSKTVMKTGSAGLSGHHRAPSYSGLSMVSGVKQGSGPAPTTHKGTPKTNRTNKPSTPTTATRKKKDL
A0A2U3TZR0_DISORDER_1_43,43,21.550158554853788,MNSPGGRGKKKGSGGASNPVPPRPPPPCLAPAPPAAGPAPPPE
A0A2U3TZR0_DISORDER_223_311,89,30.622584030962823,HLQSESGAVPKRKDPLTHTSNSLPRSKTVMKTGSAGLSGHHRAPSYSGLSMVSGVKQGSGPAPTTHKGTPKTNRTNKPSTPTTATRKKK
A0A2X0SFG1_DISORDER_80_108,29,17.36913708315544,KKISPPTPKPRPPRPLPVAPGSSKTEADV
A0A384MDY0_DISORDER_864_894,31,16.071271527381366,PEKKPLVKREKQDETQTKIKRASQKKHVNPV
A0A384ME25_DISORDER_1_196,196,45.78331756591797,MADLANEEKPAIAPPVFVFQKDKGQKRSAGGSSPEGGEDSDREDGNYCPPVKRERTSSLTQFPPSQSEERSSGFRLKPPTLIHGQAPSAGLPSQKPKEQQRSVLRPAVLQAPQPKALSQTVPSSGTNGVSLPADCTGAVPAASPDTAAWRSPSEAADEVCALEEKEPQKNESSNASEEEACEKKDPATQQAFVFGQ
A0A384ME25_DISORDER_264_305,42,18.226715473572764,LSPPKLNEVSSDANRENAAAESGSESSSQEATPEKESLAESA
A0A384MED8_DISORDER_538_561,24,13.456497897458664,PLAPQEITHCHDEDDDEEEEEEEE
A0A384P5C6_DISORDER_653_702,50,20.374091713349394,AVRDAHSKRDTKCQPQGSSGEEKGTPTTLRGGEASERKRPDSGCSTSKDT
A0A384P5H7_DISORDER_254_590,337,63.0243228832133,PARGPPGLRGDPGFEGERGKPGLPGEKGEAGDPGRPGDLGPVGYQGMKGEKGSRGEKGSRGPKGYKGEKGKRGIDGVDGVKGEMGYPGLPGCKGSPGFDGIQGPPGPKGDPGAFGLKGEKGEPGADGEAGRPGSSGPSGDEGQPGEPGPPGEKGEAGDEGNPGPDGAPGERGGPGERGPRGTPGTRGPRGDPGEAGPQGDQGREGPVGVPGDPGEAGPIGPKGYRGDEGPPGSEGARGAPGPAGPPGDPGLMGERGEDGPAGNGTEGFPGFPGYPGNRGAPGINGTKGYPGLKGDEGEAGDPGDDNNDIAPRGVKGAKGYRGPEGPQGPPGHQGPPG
A0A386NCS8_DISORDER_352_403,52,21.98364658866227,EEPSNPEASSSTSVTPDVSDNEPDHYRYSDTTDSDPENEPFDEDQHTQITKV
A0A4D5RAH1_DISORDER_142_183,42,18.34453155897182,ASRTKQSRRKEKGDRRKRVQYHPYHQKLSTTSQSVSEIHQVQ
A0A5F9ZH41_DISORDER_1_46,46,19.62850801758636,LTDRQTDTAPSPSYHLLPGRRRTVDAAASRGQGPEPAPGGGVEGVG
A0A5F9ZH41_DISORDER_66_175,110,30.739114452868524,GAVVRAGEAEPSGAARSASSGREEPQPEEGEEEEEKEEERGPQWRLGARKPGSWTGEAAVCADSAPAARAPQALARASGRGGRVARRGAEESGPPHSPSRRGSASRAGPG
A0A654IBU3_DISORDER_317_382,66,23.892694167221645,QNRMGQAGSTISNSHAQPFDFPDDNQNSKKLAAGHELQPLAIVDQRPSSRASSRASSRPRPDDLEI
A0A6G6A825_DISORDER_1_37,37,16.72836558742783,MAAEEKQAQSLQPSSSRRSSHYPAAVQSQAAAERGAS
A0A6G6A825_DISORDER_424_475,52,21.98364658866227,EEPSNPEASSSTSVTPDVSDNEPDHYRYSDTTDSDPENEPFDEDQHTQITKV
A0A6Q8PF08_DISORDER_164_198,35,17.06910174018766,SEALSVHREGRKGKQKADKEKRASPKSQTQTKPNR
A0A6Q8PHP0_DISORDER_546_569,24,13.456497897458664,PLAPQEITHCHDEDDDEEEEEEEE
A0A7I2PJA1_DISORDER_1_22,22,12.02108028156838,METSASATASEKQEAKSGILEA
A0A7I2PJA1_DISORDER_341_390,50,20.700866345098,LSSSSNCLSDTNQNKQSSESAVSSTVNPVAIHKRSKVKTEPEGLRPASPL
A0A7I2PJA1_DISORDER_560_619,60,22.71663836545612,DPSSLRKHVKTVHGPDAHVTKKQRNDVHLRTPLLKENGDSEAGTEPGGPESTEASSTSQA
A0A7I2PJA1_DISORDER_633_699,67,25.964227258282083,SSGLCQSSPGAQSSCSSEPSPLGSAPNNDSGVEMPGTGPGSLGDLTALDDTPPGADTSALAAPSAGG
A0A7I2PJA1_DISORDER_725_862,138,35.89908993438848,DSCSWAGPTPHTRNTKLPPLPGSGSILENFSGSGGGGPAGLLPNPRLSELSASEVTMLSQLQERRDSSTSTVSSAYTVSRRSSGISPYFSSRRSSEASPLGAGRPHNASSADSYDPISTDASRRSSEASQCSGGSGLL
A0A7I2PJA1_DISORDER_908_1013,106,31.404167837967275,RTLPAGCPRPLGPRRGSDGPTYGHGHAGAAPAFPHEAPGGGARRASDPVRRPDALSLPRVQRFHSTHNVNPGPLPPCADRRGLRLQSHPSTDGGLARGAYSPRPPS
A0A7I2PJA1_DISORDER_1165_1198,34,16.694285876005928,QYPGYSPQGLQASPGGLDSTQPHLQPRSGAPSQG
A0A7I2PJA1_DISORDER_1404_1424,21,13.712609661812998,MGNMGSVPPQPPPQDAGGAPD
A0A7I2PJA1_DISORDER_1452_1481,30,16.236939818470585,MRSQPPQPQACQDSIQPQPLPSPGVNQVSS
A0A7I2SVS4_DISORDER_133_166,34,15.981197131821846,KLERHRQEQELEKQHREQKLQQLKNKEKGKESAV
A0A7I2SVS4_DISORDER_206_226,21,12.30545226932169,TQHSSLDQSSPPQSGVSTSYN
A0A7I2SVS4_DISORDER_240_315,76,27.608715592074084,PLRKTASEPNLKLRSRLKQKVAERRSSPLLRRKDGPVVTALKKRPLDVTDSACSSAPGSGPSSPNNSSGSVSAENG
A0A7I2SVS4_DISORDER_514_536,23,13.292434267158049,PKPSEPARQPESHPEETEEELRE
A0A7I2SVS4_DISORDER_553_590,38,18.47496174563347,KEAHAQAGVQVKQEPIESDEEEAEPPREVEPGQRQPSE
A0A7I2SVS4_DISORDER_631_651,21,12.6787040858187,PLSRAQSSPASATFPVSVQEP
A0A7I2SVS4_DISORDER_1066_1089,24,14.759235316879485,SLSVGVKPAEKRPDEEPMEEEPPL
A0A8C8L3F5_DISORDER_11_37,27,13.97647339809352,RNHERGKKDRDSCGRKNSEPGSPHSLE
A0A8I5KZ76_DISORDER_1_25,25,12.9696786403656,MASASTSKYNSHSLENESIKRTSRD
A0A8I5KZ76_DISORDER_594_618,25,14.635670185089111,SAKLSDPPTSPSSPSQMMPHVQTHF
A0A8I5QJL1_DISORDER_1_25,25,12.9696786403656,MASASTSKYNSHSLENESIKRTSRD
A0A8I5QJL1_DISORDER_548_572,25,14.635670185089111,SAKLSDPPTSPSSPSQMMPHVQTHF
A0A8I5QJV9_DISORDER_1_25,25,12.9696786403656,MASASTSKYNSHSLENESIKRTSRD
A0A8I5QJV9_DISORDER_508_532,25,14.635670185089111,SAKLSDPPTSPSSPSQMMPHVQTHF
A0A8V8TPK6_DISORDER_383_434,52,21.98364658866227,EEPSNPEASSSTSVTPDVSDNEPDHYRYSDTTDSDPENEPFDEDQHTQITKV
A0A8V8TQ23_DISORDER_1_20,20,11.563051915798216,MSGHRSTRKRCGDSHPESPV
A0A8V8TQX2_DISORDER_337_388,52,21.98364658866227,EEPSNPEASSSTSVTPDVSDNEPDHYRYSDTTDSDPENEPFDEDQHTQITKV
A0A8V8TRF3_DISORDER_1_20,20,11.563051915798216,MSGHRSTRKRCGDSHPESPV
A0AV02_DISORDER_471_503,33,16.580904200382747,KLESSQPRQGEGNRTPESQKRKSKKATKQTLQD
A0AV02_DISORDER_530_550,21,11.777165694128472,GQESCWNKQTSKSEGTQPEGT
A0AV96_DISORDER_1_25,25,13.283501863479614,MTAEDSTAAMSSDSAAGSSAKVPEG
A0AVF1_DISORDER_1_24,24,13.646144976237988,MMLSRAKPAVGRGVQHTDKRKKKG
A0AVG3_DISORDER_1_23,23,12.40639943537712,MSYGSIARGGGLGSRGPFGGPSR
A0AVG3_DISORDER_49_128,80,28.6416838689233,ESKLQNRCVGKDGEGDLGPAGTPIVPRARKRGPGVAPEGSRMPEPTSSPTIGPRKDSAAGPHGRMAGPSTTRAKKRKPNF
A0AVK6_DISORDER_38_58,21,12.63788234860303,DFGPLTTPTKPKEGSQGEPWT
A0AVK6_DISORDER_408_432,25,13.938801288604736,RRKINSAPSSPIKTNKAESSQNSAP
A0AVK6_DISORDER_532_616,85,28.67737414824248,QSVTPPQGLSPTVCTTHSSKATGSKDSTDATTEKAANDTSKASASTRPGSLLPAPERQGAKSRTREPAGERGSKRASMLEDSGSK
A0AVK6_DISORDER_771_800,30,14.909642031981685,APENAGTQQGRATNYDSPVPGQSQPNGQSV
A0AVT1_DISORDER_1_21,21,11.304146832369792,MEGSEPVAAHQGEEASCSSWG
A0FGR8_DISORDER_1_103,103,30.185346370500596,MTANRDAALSSHRHPGCAQRPRTPTFASSSQRRSAFGFDDGNFPGLGERSHAPGSRLGARRRAKTARGLRGHRQRGAGAGLSRPGSARAPSPPRPGGPENPGG
A0FGR8_DISORDER_660_754,95,31.170940365950056,RERPPDHQHSAQVKRPSVSKEGRKTSIKSHMSGSPGPGGSNTAPSTPVIGGSDKPGMEEKAQPPEAGPQGLHDLGRSSSSLLASPGHISVKEPTP
A0FGR9_DISORDER_1_21,21,12.861682445163355,MRAEEPCAPGAPSALGAQRTP
A0FGR9_DISORDER_613_673,61,24.6711442768754,QGPKAQPQEEGPTDLPCPPDPASDTKDVSRSTTTTTSATTVATEPTSQETGPEPKGKDSAK
A0JLT2_DISORDER_1_56,56,24.70224988878185,MENFTALFGAQADPPPPPTALGFGPGKPPPPPPPPAGGGPGTAPPPTAATAPPGAD
A0JLT2_DISORDER_171_244,74,28.31669354923353,PKKKNKHKHKQSRTQDPVPPETPSDSDHKKKKKKKEEDPDRKRKKKEKKKKKNRHSPDHPGMGSSQASSSSSLR
A0JNW5_DISORDER_267_297,31,15.508999944023577,STEQRKSMAPEPTQSSTVVASAQQVKTTQTS
A0JNW5_DISORDER_409_436,28,15.285885375049428,DHNVGSPPKSPTHASPQHTQTEKDYPLK
A0JNW5_DISORDER_1066_1089,24,13.985736215106582,SKEETPPVRTLKSQSSLSGKPKER
A0JNW5_DISORDER_1164_1183,20,11.579968884397063,LQNYGETSPDAISTNSEGAQ
A0JNW5_DISORDER_1392_1413,22,12.665997016248902,QRSVTQATQTSPGVPWPSQSAN
A0JP26_DISORDER_369_494,126,35.65536761142814,SSENSNPEQDLKLTSEEESQRLKVSENSQPEKMSQEPEINKDCDREVEEEIKKHGSNPVGLPENLTNGASAGNGDDGLIPQRKSRKPENQQFPDTENEEYHSDEQNDTQKQLSEEQNTGISQDEIL
A0MZ66_DISORDER_343_511,169,43.383471965789795,KRVNQSENSVPPPPPPPPPLPPPPPNPIRSLMSMIRKRSHPSGSGAKKEKATQPETTEEVTDLKRQAVEEMMDRIKKGVHLRPVNQTARPKTKPESSKGCESAVDELKGILGTLNKSTSSRSLKSLDPENSETELERILRRRKVTAEADSSSPTGILATSESKSMPVLG
A0MZ66_DISORDER_524_566,43,19.990218851279018,KTLEAEFNSPSPPTPEPGEGPRKLEGCTSSKVTFQPPSSIGCR
A0MZ66_DISORDER_579_631,53,22.298499005837517,VVVLDPVSTHEPQTKDQVAEKDPTQHKEDEGEIQPENKEDSIENVRETDSSNC
A0PJY2_DISORDER_428_475,48,23.440360582886893,GLARTPAGEPGTEPPPPLPQQPPMTLPPLQPPLPTPGPLQPGLHQGHQ
A1A4E9_DISORDER_420_458,39,17.562573902640423,PSSAGSVSPRSTSVTTTSSASVTTTSNASGRRTSDVRRP
A1A4S6_DISORDER_576_608,33,17.74607017098574,TPPDTTFPEPTCLSASPPNAPPRQSKRQGQRTK
A1A4S6_DISORDER_621_727,107,32.67093661183116,EDGDNPYPSKEDTPTSSLDSLSSPSPVTTAVPGPPGPDKNHLLADGGSFGDWASTIPGQTRSSMVQWLNPQSPTTTSSNSAVTPLSPGSSPFPFSPPATVADKPPES
A1A519_DISORDER_1_54,54,20.267601226385015,MKRRQKRKHLENEESQETAEKGGGMSKSQEDALQPGSTRVAKGWSQGVGEVTST
A1A519_DISORDER_76_104,29,15.370729660891165,HRDSPQPQSPLAQVQERGETPPRSQHVSL
A1A519_DISORDER_169_218,50,21.670844031971356,VGTPPSDVSTRNLLSDSEPSGEEKEHEERTESDSLPGSPTVEDTPRAKTP
A1A519_DISORDER_270_330,61,22.694292512926953,NMESESTQDEQEEENGNEKEEEEKPEAKEEEGQPTEEDLGLRRSWSQCPGCVFHSPKDRNS
A1A5B4_DISORDER_756_782,27,15.130728497737026,GVGAGSRPPMPAHPTPASIFSARSTDV
A1A5C7_DISORDER_1_62,62,24.486877704968563,MAIDRRREAAGGGPGRQPAPAEENGSLPPGDAAASAPLGGRAGPGGGAEIQPLPPLHPGGGP
A1A5C7_DISORDER_169_193,25,14.67362642288208,GNRSNSSGADGGDTPPLPSPPDKGD
A1E959_DISORDER_243_279,37,18.06361937191052,STSPKPSTTNVFTSAVDQTITPELPEEKDKTDSLREP
A1L390_DISORDER_1_66,66,24.013209434960093,MPVSTSLHQDGSQERPVSLTSTTSSSGSSCDSRSAMEEPSSSEAPAKNGAGSLRSRHLPNSNNNSS
A1L390_DISORDER_431_599,169,42.70588445663452,WSSQDEVSTNVRQGRRQSEPTKHLLRQLNEKARAAGMKGKGRRESESSRSSRRPSGRSPTSTEKRMSFESISSLPEVEPDPEAGSEQEVFSAVEGPSAEETPSDTESPEVLETQLDAHQGLLGMDPPGDMVDFVAAESTEDLKALSSEEEEEMGGAAQEPESLLPPSVL
A1L390_DISORDER_613_708,96,30.408427114059485,FSRRSSVAQEDSKSSGFGSPRLVSRSSSVLSLEGSEKGLARHGSATDSLSCQLSPEVDISVGVATEDSPSVNGMEPPSPGCPVEPDRSSCKKKESA
A1L390_DISORDER_756_780,25,14.563865661621094,RFNSLPRPDPEPVPPVGSKRQVGSR
A1L390_DISORDER_821_840,20,11.460392167239393,MESSGGSPGKGPGQGQANGF
A1L390_DISORDER_859_878,20,11.75653401310593,EESATASPESSSPTEGRSPA
A1L390_DISORDER_955_1133,179,41.74607413483457,APERDGKSPTVPCLQEEAGEPLGGKGKRKPVLSLFDYEQLMAQEHSPPKPSSAGEMSPQRFFFNPSAVSQRTTSPGGRPSARSPLSPTETFSWPDVRELCSKYASRDEARRAGGGRPRGPPVNRSHSVPENMVEPPLSGRVGRCRSLSTKRGRGGGEAAQSPGPLPQSKPDGGETLYVT
A1L390_DISORDER_1146_1207,62,23.77199063563472,VMEKGPLPSPTAGLEESSGQGPSSPVALLGQVQDFQQSAECQPKEEGSRDPADPSQQGRVRN
A1L4H1_DISORDER_153_192,40,19.672440973529135,EPLVTHAPRPAGNPQNASRKKSPRPKQAKSTRAPLLTTGA
A1L4H1_DISORDER_412_465,54,23.241176620724055,PPTAPTDSNNSTPREAASRPPSTMTSQAPGTAGVSPPPASPTVLWEPGPEAGSP
A1L4H1_DISORDER_614_769,156,41.43340718744064,EKTTTKAPGKMPKSTKKWVTKNAKRPTTQPPVMPTTKHSRAQSPPDLTSQTTAALTTEASRRPTSEFTRRPTTEAPQRWTSHTTATLTPQAPRERTTKTMAMLTTQGPQEMTSESTIKSIPQASLEPSAEIPEGSPESPKDPAPSPSVSTTGESGL
A1L4H1_DISORDER_895_1475,581,91.6643698210166,KGTTTAGVPGHTLPWRTTRRPGSSSPAIRRLPDTGSKDGYKLPWTWDTPSGRGLAEGTPTAGKLGPTLGAGTTRSPGSPPTLRVHGDTGSPRKPWPERRPPRPAATRTAPPTPSPGPSASPGPPGPALTSDSSRELTPHSALTSEATSDAPDTSPPTPDPASRTNPDLILTSPDFALSTPDSSVVPALTPEPSPTPLPTLPKELTSDPSTPSEVTSLSPTSEQVPESDTTPDLDTTPYSSTVSEYSRSPDPSPSPHPTTTPDPTMAPDPITTLNPTVTPHFPTTPHPTTTPHPTTITHSTMIPDPTTTPQPFTTITHSTMIPDPTTTPQPFTTMQPTTTPHSTTPHPTTTPHPTTITHSTMIPDPTTTPQPFTTMQPTTMPHPTTTPHPTTTPHPTTTPHPTTTPHPTMTPDPTTTPYPTTTPDPTTTPHPTTPDPSSTPVITTVSLPTSLGTELSSPTLAPTVKPSLHPQLTFTAPAPHTSTSQIPTLEPSPALESSPSRSSTATSMDPLSTEDFKPPRSQSPNLTPPPTHTPHSASDLTVSPDPLLSPTAHPLDHPPLDPLTLGPTPGQSPGPHGPCVA
A1L4H1_DISORDER_1554_1573,20,12.412793189075709,MPAPTTTTPEEEERPLRGDV
A1X283_DISORDER_275_366,92,31.04285512788762,LKKNSGEPLPPKPGPGSPSHPGALDLDGVSRQQNAVGREKELLSSQRDGRFEGRPVPDGDAKQRSPKMRQRPPPRRDMTIPRGLNLPKPPIP
A1X283_DISORDER_458_834,377,69.71422134485412,NTGSEATGPSRPLPDAPHGVMDSGLPWSKDWKGSKDVLRKASSDMSASAGYEEISDPDMEEKPSLPPRKESIIKSEGELLERERERQRTEQLRGPTPKPPGVILPMMPAKHIPPARDSRRPEPKPDKSRLFQLKNDMGLECGHKVLAKEVKKPNLRPISKSKTDLPEEKPDATPQNPFLKSRPQVRPKPAPSPKTEPPQGEDQVDICNLRSKLRPAKSQDKSLLDGEGPQAVGGQDVAFSRSFLPGEGPGRAQDRTGKQDGLSPKEISCRAPPRPAKTTDPVSKSVPVPLQEAPQQRPVVPPRRPPPPKKTSSSSRPLPEVRGPQCEGHESRAAPTPGRALLVPPKAKPFLSNSLGGQDDTRGKGSLGPWGTGKIGE
A1XBS5_DISORDER_265_289,25,12.967517375946043,LRKDQQAEDDEDDELDVTEEENFLK
A1Z1Q3_DISORDER_243_425,183,48.7691908966471,DDNNEEEEDVEMKEDSDENGPEEKQSVEEMEEQSQDADGVNTVTVPGPASEEAVEDCKDEDFAKDENITKGGEVTDHSVRDQDHPDGQENDSTKNEIKIETESQSSYMETEELSSNQEDAVIVEQPEVIPLTEDQEEKEGEKAPGEDTPRMPGKSEGSSDLENTPGPDAGAQDEAKEQRNGTK
A2A288_DISORDER_48_75,28,15.082283263549565,GALEHPAAPRLVPRGSCGVPDSAQRGPG
A2A288_DISORDER_234_258,25,14.431109428405762,PLGRHGPSLSNFLSRKPKPPEPSWQ
A2A288_DISORDER_296_339,44,20.016149564685907,GARPGAGAEEQRPPRAPGGSAGARAAPREPFAHSLPPARGSPDL
A2A288_DISORDER_378_457,80,28.17214149555812,WVSAGGRVPGPLSLPSPESQFSPGDLPPPPGLQLQPRGEHRPRDLHGDLLSPRRPPDDPWARPPRSDRFPGRSVWAEPAW
A2A2Y4_DISORDER_383_403,21,12.98189040474047,LLPSPSEQEEELPLGEGVPLP
A2BDD9_DISORDER_428_467,40,18.417079084708178,VPSTPSPVPPSTPLLSAHSKTGSRDCSTQTERGTESNKTA
A2BDD9_DISORDER_586_643,58,24.617554999193427,ASAPAQTQAPTSAPAVAPTPAPTPTPAVAQAEVPPASPATGPGPHRLSIPSLTCNPDK
A2BDE7_DISORDER_102_133,32,16.43057867405472,QQQQQQQQQQQQQQPGQGPAEPSQPSGPAVAS
A2BDE7_DISORDER_204_312,109,32.04885783458567,KSTRQKQQHLVQQQPPSQPQPQPQLQPQPQPQPQPQPQPQSQPQPQPQPKPQPQQLHPYPHPHPHPHSHPHSHPHPHPHPHPHQIPHPHPQPHSQPHGHRLLRSTSNSA
A2I2P0_DISORDER_552_586,35,16.36084287920682,QGRSSMGTGLSGGKRPSQEEDTQSIGPKVQRQSTN
A2IDD5_DISORDER_345_381,37,16.95980126200819,FSHREDQHGGPGALLSSPKKRPGGASQGGTSEPQGLD
A2PYH4_DISORDER_1109_1139,31,15.482756090108088,KSETQISHSKHSDISTIAGPNKGTTASKKPG
A2PYH4_DISORDER_1295_1315,21,12.005910767875804,GFGNTLSSSTRGSKLPLQESK
A2RRN7_DISORDER_752_776,25,13.436932563781738,ASVSEGGGLQGISMKDSDEEDEEDD
A2RTX5_DISORDER_86_123,38,17.781308205183073,ESAELEAAQEAGAQPPPSQSQDKDMKKKKMKESEADSE
A2RU30_DISORDER_331_351,21,12.742257859126472,QQDSDLGQFSQEDPVPPAEGK
A2RU30_DISORDER_461_521,61,21.168193936646357,QQKWKQSVDRPELRRSLSQQPQDTFDLEEVQSNSEEEQSQSRWPSRPRHPHHHQTFAGKDS
A2RUB1_DISORDER_1_23,23,13.36990522992816,MEVRRGDTCPRPHPSGLREEGLE
A2RUB1_DISORDER_609_629,21,12.240883497382294,QAKPQSGHYDPEEGPKHLDGL
A2RUB1_DISORDER_933_952,20,11.649978222491123,VHESINSSNPMNQRGETNKH
A2RUB6_DISORDER_458_499,42,17.66240655452657,DRRRQKQLEHQKAITAQVEEKRRKKQLEEEQRKKEEQEEELR
A2RUB6_DISORDER_690_713,24,14.438243433071506,QTKHMKKYPKRPDWNINKPPKRYI
A2RUB6_DISORDER_788_808,21,12.87389411330723,SFSKERSPSSPVPVVKNRTQQ
A2RUH7_DISORDER_1_47,47,21.554515139970636,MEAATAPEVAAGSKLKVKEASPADAEPPQASPGQGAGSPTPQLLPPI
A2VDJ0_DISORDER_946_974,29,15.426875628616916,RGKNCLPVNTPQSRIQNAAKRSPATYGHS
A2VDJ0_DISORDER_991_1014,24,13.472249649678425,TAAASSTSTTTEEKQTSPLGSSLP
A2VDJ0_DISORDER_1108_1144,37,17.845073462442386,KTSKKLPENHLPRNSPQYHQPDLPEISRKNNGNNQQV
A2VDJ0_DISORDER_1159_1178,20,11.863030094263936,VDTKPSSEKKIHKTSREDMF
A2VDJ0_DISORDER_1304_1340,37,16.28035343418744,SSSDCGSSSGSVRASRGSWGSWSSTSSSDGDKKPMVD
A2VEC9_DISORDER_1529_1561,33,17.331091896574883,CPLPSLPTPPASTLPGPSPGSLDTASSPLASAS
A2VEC9_DISORDER_2306_2338,33,16.916792948954043,ETEHWPPGQESPTSPTETRPVSPGPASGVPHHG
A2VEC9_DISORDER_3499_3520,22,12.973116464958176,SRPPTPEGGRPCPGNHTQSRPC
A3KMH1_DISORDER_1542_1563,22,13.186167128166783,RDSGEDVSSPKHGKEDPDNMPH
A4D126_DISORDER_1_29,29,15.187868162894995,MEAGPPGSARPAEPGPCLSGQRGADHTAS
A4D161_DISORDER_241_263,23,12.55756237322724,SSPETLTDVGTSSQVSSLRRPEE
A4D1P6_DISORDER_265_393,129,35.15627197658091,LLPQSKKSPSRLSPAQGPPQPQSSAKKESFGGQGTKGKDPTSGAKDGKSLLSGLATGESGWSQHRQRRLQDHGKERKELFSTTTSQCAEKKPEASGPEAEPCPELHTEPVEPLTRASSAGPEGGGVRPE
A4D1U5_DISORDER_249_271,23,14.54887621065861,QASISYTGPTERPPNEPEETPVQ
A4D1W7_DISORDER_259_288,30,13.798203637260876,KKKKKEEEGEGKKKGGGEGGAGADEEKEQS
A4D2B0_DISORDER_48_71,24,12.8506184167228,LPQTRGPASSHRESPRGSGGAEAA
A4D2B0_DISORDER_229_266,38,17.726611447023792,PGHGPPFRVLREASQPETEGGGNSQQEPVVGDEEPALH
A4FUJ8_DISORDER_110_256,147,41.38364156552075,ADSSSFDEDSSDALSPEQPASHESQGSVPSPLEARVSEPLLSATSASPTQVVSQLPMGRDSREMLFLAEQPPLPPPPLLPPSLTNGTTIPTAKSTPTLIKQSQPKSASEKSQRSKKAKELKPKVKKLKYHQYIPPDQKQDRGAPPMD
A4FUJ8_DISORDER_290_344,55,22.489878507425058,PAPPKSAGEALGSSGTPPVRSLSTTNSSSSSGAPGPCGLARQNSTSLTGKPGALP
A4FUJ8_DISORDER_444_476,33,16.565845333333844,FGSTGSTPPVSPTPSERSLLSTGDENSTPGDTF
A4FUJ8_DISORDER_558_577,20,12.82384375206678,EKRAQQPAPAPAPLGTPVKQ
A4FUJ8_DISORDER_674_747,74,27.39340115513395,KNADSPGLSSGSPQQPSSQPGSPAPAPSAQMDLEHPLQPLFGTPTSLLKKEPPGYEEAMSQQPKQQENGSSSQQ
A4GXA9_DISORDER_1_55,55,20.52056079931971,MARVGPGRAGVSCQGRGRGRGGSGQRRPPTWEISDSDAEDSAGSEAAARARDPAG
A4LAA3_DISORDER_1_147,147,38.90474031303019,MTAEPMSESKLNTLVQKLHDFLAHSSEESEETSSPPRLAMNQNTDKISGSGSNSDMMENSKEEGTSSSEKSKSSGSSRSKRKPSIVTKYVESDDEKPLDDETVNEDASNENSENDITMQSLPKGTVIVQPEPVLNEDKDDFKGPEFR
A4LAA3_DISORDER_445_516,72,25.261607168192768,KGEKPCALEKKDISKSEAKLSRKQVDSEHMHQNVPTEEQRTNKSTGGEHKKSDRKEEPQYEPANTSEDLDMD
A4LAA3_DISORDER_535_576,42,17.8138291954329,AMEVQSSVDHQGDGSSGTEQEVESSSVKLNISSKDNRGGIKS
A4LAA3_DISORDER_593_616,24,13.38435706814669,VSLSNSPIKGADCQEVPQDKDGYK
A4LAA3_DISORDER_649_956,308,57.99858678113824,EESDLRRSPRVKTTPLRRPTETNPVTSNSDEECNETVKEKQKLSVPVRKKDKRNSSDSAIDNPKPNKLPKSKQSETVDQNSDSDEMLAILKEVSRMSHSSSSDTDINEIHTNHKTLYDLKTQAGKDDKGKRKRKSSTSGSDFDTKKGKSAKSSIISKKKRQTQSESSNYDSELEKEIKSMSKIGAARTTKKRIPNTKDFDSSEDEKHSKKGMDNQGHKNLKTSQEGSSDDAERKQERETFSSAEGTVDKDTTIMELRDRLPKKQQASASTDGVDKLSGKEESFTSLEVRKVAETKEKSKHLKTKTCKK
A4LAA3_DISORDER_968_1479,512,69.10657311042759,FLKKDQSDETSEDDKKQSKKGTEEKKKPSDFKKKVIKMEQQYESSSDGTEKLPEREEICHFPKGIKQIKNGTTDGEKKSKKIRDKTSKKKDELSDYAEKSTGKGDSCDSSEDKKSKNGAYGREKKRCKLLGKSSRKRQDCSSSDTEKYSMKEDGCNSSDKRLKRIELRERRNLSSKRNTKEIQSGSSSSDAEESSEDNKKKKQRTSSKKKAVIVKEKKRNSLRTSTKRKQADITSSSSSDIEDDDQNSIGEGSSDEQKIKPVTENLVLSSHTGFCQSSGDEALSKSVPVTVDDDDDDNDPENRIAKKMLLEEIKANLSSDEDGSSDDEPEEGKKRTGKQNEENPGDEEAKNQVNSESDSDSEESKKPRYRHRLLRHKLTVSDGESGEEKKTKPKEHKEVKGRNRRKVSSEDSEDSDFQESGVSEEVSESEDEQRPRTRSAKKAELEENQRSYKQKKKRRRIKVQEDSSSENKSNSEEEEEEKEEEEEEEEEEEEEEEDENDDSKSPGKGRKK
A4LAA3_DISORDER_1913_2000,88,27.476975710168368,SDSDETSMSLSSDDYTKKKKKGKKGKKDSSSSGSGSDNDVEVIKVWNSRSRGGGEGNVDETGNNPSVSLKLEESKATSSSNPSSPAPD
A4LAA3_DISORDER_2462_2492,31,17.953904985926634,PVAGGMQPPPLQRAPPPMRSKNPGPSQGKSM
A4QPA9_DISORDER_1_27,27,14.951809963173927,MPKKKPTPIQLNPAPDGSAVNGTSSAE
A4UGR9_DISORDER_1_32,32,15.442811645361884,MSPESGHSRIFEATAGPNKPESGFAEDSAARG
A4UGR9_DISORDER_102_142,41,17.301999798700955,QYQHQNRSEQEAIHSSQVGTSRSSQEMARNEQEGSKVQKID
A4UGR9_DISORDER_205_261,57,21.792185799856643,SDKEMTTPAKQIKTESEYEETFKPSSVVSTSSTSCVSTSQRKETSTTRYSDHSVTSS
A4UGR9_DISORDER_2098_2265,168,43.65098170554012,PINFNPENNVKESECPLPPPSPPPPPPSNASSEIEFPLPPPPPLMMFPEKNGFLPSLSTEKIKAEFESFPGLPLPPPPVDEKSERESSSMFLPPPPPPTPSQKPAHLLSSSAPEKHSGDFMQQYSQKEASNSQNSQAKIITGKTGVLPPPTLPKPKLPKHIKDNKNDF
A4UGR9_DISORDER_2601_2656,56,22.491297610682064,KEKRVTVQLPTESIQKNQEDKLKMVPRKQREFSGSDRGKLPGSEEKNQGPSMIGRK
A4UGR9_DISORDER_2860_3007,148,39.62353822223129,MSSKTGKPGNKPTSLDETSSKVSNVHVSNNKNSEQKENKIAKEKTVQHQVAAHHEATVRSHVKTHQEIKLDDSNIPPPSLKTRPPSPTFITIESTARRTENPTKNELSQSPKKDSYVEPPPRRPMSQKSEIHRANTSPSPPRSRSEQL
A4UGR9_DISORDER_3353_3374,22,12.09952107247363,MYTLSKDSLSNGVPSGRQAEFS
A5A3E0_DISORDER_369_530,162,40.550017037195474,SSENSNPEQDLKLTSEEESQRFKGSENSQPEKMSQEPEINKDGDREVEEEMKKHESNNVGLLENLTNGVTAGNGDNGLIPQRKSRTPENQQFPDNESEEYHRICELLSDYKEKQMPKYSSENSNPEQDLKLTSEEESQRLKGSENGQPEKRSQEPEINKDGD
A5A3E0_DISORDER_544_596,53,20.925015062788376,KHRSTHVGFPENLTNGATAGNGDDGLIPPRKSRTPESQQFPDTENEEYHSDEQ
A5D8V6_DISORDER_159_355,197,43.57245974901809,KPRASQELAGDAPPPRPPPPVRPVPQGTPPVVEEQPQPPLAMPPYPLPYSPSPSLPVGPTAHGALPPAPFPVVSQPSFYSGPLGPTYPAAQLGPRGAAGYSWSPQRSMPPRPGYPGTPMGASGPGYPLRGGRAPSPGYPQQSPYPATGGKPPYPIQPQLPSFPGQPQPSVPLQPPYPPGPAPPYGFPPPPGPAWPGY
A5D8V7_DISORDER_1_69,69,24.916148336252192,MTSPLCRAASANALPPQDQASTPSSRVKGREASGKPSHLRGKGTAQAWTPGRSKGGSFHRGAGKPSVHS
A5D8W1_DISORDER_1_26,26,13.141146567013385,MWTEEAGATAEAQESGIRNKSSSSSQ
A5LHX3_DISORDER_1_23,23,13.440017171586772,MALQDVCKWQSPDTQGPSPHLPR
A5LHX3_DISORDER_255_300,46,19.895549777173468,EPEEDASHAHPEPATAHRAAEDRELSVGPGEVTPGDSRMPAGTETV
A5PKU2_DISORDER_1_20,20,11.789688755232564,MAHPVQSEFPSAQESGSAAS
A5PKU2_DISORDER_71_93,23,13.505334772735674,EAPLPRSPSRASSRRASSIATTS
A5PKW4_DISORDER_25_98,74,27.430978737384248,WLPEGPVPQSPPASMYGSTGSLLRRVAGPGPRGRELGRVTAPCTPLRGPPSPRVAPSPWAPSSPTGQPPPGAQS
A5PKW4_DISORDER_113_230,118,34.595489668866705,PLNGLPAPGGLSRSWDLGGVSPPRPTPALGPGSNRKLRLEASTSDPLPARGGSALPGSRNLVHGPPAPPQVGADGLYSSLPNGLGGPPERLATLFGGPADTGFLNQGDTWSSPREVSS
A5PKW4_DISORDER_246_402,157,42.48188813403292,SLDPPSSGAKPPEQAPPSPPGVGSRQGSGVAVGRAAKYSETDLDTVPLRCYRETDIDEVLAEREEADSAIESQPSSEGPPGTAYPPAPRPGPLPGPHPSLGSGNEDEDDDEAGGEEDVDDEVFEASEGARPGSRMPLKSPVPFLPGTSPSADGPDSF
A5PKW4_DISORDER_430_536,107,34.53154248717813,ASPGPTQSPFFTFELPPQPPAPRPDPPAPAPLAPLEPDSGTSSAADGPWTQRGEEEEAEARAKLAPGREPPSPCHSEDSLGLGAAPLGSEPPLSQLVSDSDSELDST
A5PKW4_DISORDER_976_1024,49,21.286278247833252,ALAQAGSTEDGLPPSHSSPSLQPKPSSQPRAQRHSSEPRPGAGSGRRKP
A5YKK6_DISORDER_720_768,49,21.26049494743347,LSIGGSAAPHTQSMQGFPPNLGSAFSTPQSPAKAFPPLSTPNQTTAFSG
A5YKK6_DISORDER_1315_1352,38,19.269383069555342,QLSAPKKDVKQPEELPPITTTTTSTTPATNTTCTATVP
A6BM72_DISORDER_1023_1044,22,12.920865844602096,GHYDLLPVRQSPANGPSQDKQS
A6H8Y1_DISORDER_1_142,142,38.54037280989638,MFRRARLSVKPNVRPGVGARGSTASNPQRGRESPRPPDPATDSASKPAEPTDVPTVDFGGAEPQEKAPRSSTEKTGGDNDVEESSRSSSTVSQRRKRISSTSSLVKSSVSVPSESHPLSTINQEAPQPTATSTKEKQPCSDR
A6H8Y1_DISORDER_193_241,49,21.07845973968506,LPDNNPMTSSLEQEKKTEKPSTPVQTREQEGKSTPNAEDNEMEEETDDG
A6H8Y1_DISORDER_379_449,71,25.00361482500522,EKRKQKSVKNHSLKEKKSTKPRKNVKVKKVACEGVNNDPDESMSSRISDTERSQKDAQTVEEESLTLSRED
A6H8Y1_DISORDER_544_567,24,12.569808334773354,LSLSNQQDATSVATESSESSTSDL
A6H8Y1_DISORDER_606_663,58,22.67331678064282,ENVKPMLRGRFQRPKPNLSRAGKKSVLSQGKTESESKNSHSKTSVEKNHVEKDKMNTL
A6H8Y1_DISORDER_729_759,31,15.394565059317529,EEIGANVEKNENESCADRDTPQHMEDQSRKD
A6H8Y1_DISORDER_930_1222,293,64.23091182474865,EEAGRREISPQKNGPEEVKPLGEVETDLKATGNESSPREKTPEVTDATEEIDKNLEETGRRKISPRENGPEEVKPVDEMETDLNATGRESSPREKTPEVIDATEEIDLEETEREVSPQENGLEEVKPLGEMETDLKATGRDSFPRGKTPEVIDAIEEIEIDLEETEREISPQENGLEEVKPLGEMQTDLKATGREISPREKTPEVIDATEEIDKDLEETGRREISPEENGPEEVKPVDEMETDLKTTGREGSSREKTREVIDAAEVIETDLEETEREISPQENGPEEVKPVGK
A6H8Y1_DISORDER_1306_1348,43,18.62563100071456,AELKQTGKTDISPRENELEETSTSRQTDTHLMQSGSNDFSAVP
A6H8Y1_DISORDER_1365_1440,76,26.272295473303537,TPVEEKRNSEKEVSSHFSHFKISSQTHESDKTEVQGIQSPDVPEQFSDINLSKSLPQEQKPLEIKPAPFVRSRFKR
A6H8Y1_DISORDER_1519_1543,25,13.859134912490845,TERNLSPSNSCEPKEESQSAPVQKN
A6H8Y1_DISORDER_1684_1722,39,18.130881132161385,KAKPNLGRAHSKKEEPVLEKVTTDQSKEGKPEDHLLQKG
A6H8Y1_DISORDER_1819_1863,45,20.1549676588374,STSEYERNRGERRSHKKFKPNVTRGRGSKRVRGKTSKKEPRASKA
A6H8Y1_DISORDER_2130_2164,35,16.719593118625117,GAEMETQRETEKNASKATELENKNLGPVTTAENKD
A6H8Y1_DISORDER_2181_2200,20,11.338424939329254,SEVNLTERNENQEESSQEVH
A6H8Y1_DISORDER_2207_2241,35,16.90473437597076,VASSETGPCTLGLDRGLGENSVEEPQIKDSKGDSV
A6H8Y1_DISORDER_2444_2501,58,22.74064085520185,FQSRGSRSPDACMDKNVPQLPQDEMIVSDKEERTDAAPKSQQMDSRTSSSKASLSRPG
A6H8Y1_DISORDER_2519_2566,48,20.91747156698619,SDEPMQVHSKKRLKPLIPGLRKKLKRSNPFNESQEKNRESSDLLPSPS
A6H8Z2_DISORDER_1_205,205,49.6324201168464,MEAHEIIEEPHITMDAEKHPPSKDPSAEDLQENHISESFLKPSTSETPLEPHTSESPLVPSPSQIPLEAHSPETHQEPSISETPSETPTYEASLDSPISVVPEKHLTLPPQSRDYVCLSSSDTLKEDLSSESSSNEVPWTRRSTHLSESESLPEHCLSGPSSQVQVDTTEKQEEEAGEVEKGVDASDSTAHTAQPGHQLGNTARP
A6H8Z2_DISORDER_378_402,25,13.215253353118896,DTQKTRQRGGRPRGTDTVSNWHRPL
A6NC98_DISORDER_427_451,25,14.59524393081665,QRSLEPPPGSPGEAPLAGAAPSLQD
A6NC98_DISORDER_509_706,198,47.37308689867765,VAFDHSPQGLVQKARDGGPQALDLAPPALDSVLEASAECPQAPDSDPQEAESPLQAAAMDPQASDWSPQESGSPVETQESPEKAGRRSSLQSPASVAPPQGPGTKIQAPQLLGGETEGREAPQGELVPEAWGLRQEGPEHKPGPSEPSSVQLEEQEGPNQGLDLATGQAEAREHDQRLEGTVRDPAWQKPQQKSEGAL
A6NC98_DISORDER_825_866,42,17.067035907417726,RRQWEREGSRLRAQSEAAEERMQVLESEGRQHLEEAERERRE
A6NC98_DISORDER_1323_1476,154,38.1216449563144,LMRPRREGGPPGGLRLGADGAGSTESLGGPPETELPEGREADGTGSPSPAPMRRAQSSLCLRDETLAGGQRRKLSSRFPVGRSSESFSPGDTPRQRFRQRHPGPLGAPVSHSKGPGVGWENSAETLQEHETDANREGPEVQEPEKRPLTPSLSQ
A6NCS4_DISORDER_22_135,114,33.00178566577584,ERSCPAASPHPRVRKSPENFQYLRMDAEPRGSEVHNAGGGGGDRKLDGSEPPGGPCEAVLEMDAERMGEPQPGLNAASPLGGGTRVPERGVGNSGDSVRGGRSEQPKARQRRKP
A6ND36_DISORDER_75_108,34,16.65619836755087,DPGSEDPRGTGPSQGPEDNGVGDGEEASGADGVP
A6ND36_DISORDER_450_823,374,59.51430891037014,RDTSQASAQHQLWKQSQDSRPRPEPCPPPEPSAPQDGVPAENGLPQGDPEPLPPVPKPRTVPVADVLARDSSDIGWVLELPKEEAPQNGTDHRLPRMAGPGHAPLQRQLSVTQDDPESLGVGLPNGLDGVEEEDDDDYVTLSDQDSHSGSSGRGPGPRRPSVASSVSEEYFEVREHSVPLRRRHSEQVANGPTPPPRRQLSAPHITRGTFVGPQGGSPWAQSRGREEADALKRMQAQRSTDKEAQGQQFHHHRVPASGTRDKDGFPGPPRYRSAADSVQSSTRNAGPAMAGPHHWQAKGGQVPRLLPDPGSPRLAQNARPMTDGRATEEHPSPFGIPYSKLSQSKHLKARTGGSQWASSDSKRRAQAPRDRKDP
A6NDB9_DISORDER_49_78,30,15.792769542181825,RWLMDGAAAVPEPSEDPTSKDPQSPEGQAQ
A6NDB9_DISORDER_99_213,115,33.74766521181762,QSASTGAQHKPSGRPSWRRQGHRPLSQSIVEAGSVGQTDLNKRASLPAGLVGTPPESPSEPREDVLGFLPGPRQVPGAAGDSSEANGPCPSPIPTPEQGLSQRAVPSEGRVGEAK
A6NDB9_DISORDER_295_343,49,20.361921310424805,VPEVVQTSSPRLQERLEAAASIEGEDVPQGSPEGDGQGGSGGEEGSFIW
A6NDB9_DISORDER_356_673,318,65.18365358697419,LLVEGLEGPEVAGRERGDESPLGAEGAKTGGGEETWEAEKRKAEESMGIGSEEKPGTGRDEAEMSPVVERKGGEKKLELESRGSAEKLGTEREGGEEPLGIERKVEGHLRAEKEGDEEKRGAEEEEVEEPLGVEKKGGEEEPEATKEPLEAERKGGEETLEAEKRGGEESLETEKTQGTEGDLNLEQGSREGSESQAEEMNEAGPPLEANTETRPEKEGPQPQEKPVGALEEEGVKPQTAAEGQGPLGDATPLLAETPAPEQPAECQPLLQGEGPSANPSAHPVPTYAPARQPEPSAPTEGEEASGPKQKTCQCCAVM
A6NDE4_DISORDER_67_349,283,46.401729123225216,DMNGKSLHGKAIKVEQAKKPSFQSGGRRRPPASSRNRSPSGSLRSARGSRGGTRGWLPSQEGHLDDGGYTPDLKMSYSRGLIPVKRGPSSRSGGPPPKKSAPSAVARSNSWMGSQGPMSQRRENYGVPPRRATISSWRNDRMSTRHDGYATNDGNHPSCQETRDYAPPSRGYAYRDNGHSNRDEHSSRGYRNHRSSRETRDYAPPSRGHAYRDYGHSRRDESYSRGYRNRRSSRETREYAPPSRGHGYRDYGHSRRHESYSRGYRNHPSSRETRDYAPPHRDY
A6NDE4_DISORDER_452_496,45,18.83455486371709,KDQRNPPSLGRVLPDPREAYGSSSYVASIVDGGESRSEKGDSSRY
A6NDV4_DISORDER_1_36,36,18.911192893981937,MNMPQSLGNQPLPPEPPSLGTPAEGPGTTSPPEHCW
A6NEM1_DISORDER_1_77,77,26.136795328032335,MWPQPRLPPHPAMSEKTQQGKLAAAKKKLKAYWQRKSPGIPAGANRKKKINGSSPDTFTSGGYHSPGDSATGIYGEG
A6NEM1_DISORDER_349_411,63,23.158658682907426,KELEKSGGAEEPRGSESAAAARPVAGAPVPQGAWMCGQAGWTPQEHPGLSGEAVGTGEAAGGA
A6NFA1_DISORDER_354_409,56,24.639781050050505,AGQAIHSPAPQSPAPSPEGTSTSPAPVTPAAAVPEAPSVTPTAPPEDEDPALSPHL
A6NFA1_DISORDER_422_441,20,12.136449293098456,GRQRKWHKRQSTHQRPRQFN
A6NFA1_DISORDER_450_492,43,20.508955316267684,STTASPPPLPLQPTHSSGTAKPPFQLSDQLQQQDPPGPASSSA
A6NFX1_DISORDER_1_33,33,17.006429844974924,MAAPPAPAAKGSPQPEPHAPEPGPGSAKRGRED
A6NFX1_DISORDER_483_504,22,12.689370233782984,KTPSRDASSRLSLRRRTSYSLA
A6NFY7_DISORDER_74_115,42,19.17829397725284,AFVRPRAPTGEPGGVGCQPDDGDSPRNPHDSTGAPETRPDGR
A6NGG8_DISORDER_78_147,70,24.240688628215988,MGDPASGKRKDMEGLIPGTKTSSSQLNKSQSHMAKDIPFKTQGSHGSQGADFSGDESEESSTQDTSKWKR
A6NGG8_DISORDER_368_401,34,15.88701336999343,QTSWDLAPEPEEWKSVTSPHTEARQSGHTWQQSP
A6NGG8_DISORDER_423_453,31,16.419709463395886,QPRAQDEARSPCLSSTSPENITSPPLKLGTS
A6NGG8_DISORDER_467_527,61,23.702540541269208,PHLSKTSRPMDASSLSDSEDSSPEEEEEDKMSSMSLCAWQEKTPHSRPQSSPADRESPFQA
A6NGG8_DISORDER_563_605,43,18.803080186550112,DWSEEEEGRTVVPPRPSTVSGSRRAPERQTRSQSESCLQSHVE
A6NGG8_DISORDER_686_707,22,13.193263747394155,QKCNPHPEDEQGKAGKLPNAIP
A6NGG8_DISORDER_813_1109,297,58.34079564682288,AAKSEELSCEMEGNLEHLPPPPMEVLMDKSFASLESPESSKSTENSPKETQEPGPGEAGPTRRTWASPKLRASVSPLDLLPSKSTASLTKPHSTGPGSGRSSCQPRKPALDLSSPPATSQSPEVKGGTWSQAEKATSLYRQPRKAIAWHHSGPPSGQNRTSESSLARPRQSRERSPPVGRKASPTRTHWVPQADKRRRSLPSSYRPAQPSPSAVQTPPSPPVSPRVLSPPTTKRRTSPPHQPKLPNPPPESAPAQCKVPSPPTQHPEASPPFSIPSPSPPMSPSQEHKETRDSEDSQ
A6NGG8_DISORDER_1132_1169,38,19.410526748882145,EAKPPLSTAHPLTPPSLPPEAGGPLGNPAECWKNSSGP
A6NGG8_DISORDER_1190_1288,99,31.464982241609725,LRRTASDRQPGGRPQPPTLDPTSTSYESQLGQNSSSEESPKKDTEPGSSPCSPELQGGTRRASPPEFCVLGHGLQPEPRTGHIQDKSQPEAQPQQEEVS
A6NGQ2_DISORDER_1_22,22,12.201971383519387,MVDDAGAAESQRGKQTPAHSLE
A6NHR9_DISORDER_1_23,23,12.033386480103552,MAAADGGGPGGASVGTEEDGGGV
A6NI15_DISORDER_34_59,26,14.163332271106144,GPFELNQASPSQSLSPAPSLESYSSS
A6NIH7_DISORDER_1_28,28,14.354623181951032,MSGSNPKAAAAASAAGPGGLVAGKEEKK
A6NIX2_DISORDER_22_149,128,35.011598803766596,ELEPGCGSPGRGRRGPRPGPGDEAAPALGRRGKGSGGPEAGADGLSRGERGPRRAAVPELSAQPAGSPRASLAGSDGGGGGGSARSSGISLGYDQRHGSPRSGRSDPRPGPGPPSVGSARSSVSSLGS
A6NIX2_DISORDER_164_198,35,18.6256260232547,ACPAPARSPEPAGPAPFPLPALPLPPGREGGPSAA
A6NJ46_DISORDER_196_240,45,19.854486214950107,KKSALEPSSSTPRAPGGAGAGAGGDRAPSENEDDEYNKPLDPDSD
A6NK06_DISORDER_462_481,20,11.929936673085171,SPPEVASNSPACNNSITNLS
A6NK89_DISORDER_46_80,35,17.03931473074354,QRRSRRLGSAGDPHGPGELPEPPNEDDEDDDEALP
A6NK89_DISORDER_185_222,38,17.14638430940284,AKLNRRRQQQTPSSCSSTSSSTASSCSSSPRTHESASV
A6NK89_DISORDER_444_507,64,24.006092071533203,APDGAPGSGSPSREPGPQACADMWVDQARGLAKSGPGNDEDSDTGLSSMHSQDSDSLPMCESLV
A6NKB5_DISORDER_92_163,72,25.630845929927855,QQKPSRKEEKPNKDKEAKGEHITNHRNPSNNRQIHNGKKEEASRNLSTPPLRCSSRGQSITSHHSSGPLELS
A6NKB5_DISORDER_225_251,27,14.75918097298766,NGKGKERGGKGQPPLRHRSEGGLVDKG
A6NKB5_DISORDER_402_530,129,35.72847868531862,EKTSVKSDAEPTNPGAAGSPNAEQISIPVITLDLPEGGGGGVPCPEGNGSERTPERLKTRVSTNQCSGYGSGEGGNAIKDHSSSSREPWESVSRLTPDTGSESKVGKEGQTNLDPSSCKSSHEKRHARV
A6NKB5_DISORDER_545_572,28,14.97246541802657,SAEIVNDTEKTMPTSKSDLEAKEGQMPN
A6NKB5_DISORDER_593_612,20,11.044424103984996,ASSQLNGSAEQNEESGLLRD
A6NKB5_DISORDER_621_655,35,16.890337368422884,EILENEKPSGHSSKQGKPDLQSQDHTSTGPACTQP
A6NKB5_DISORDER_740_763,24,13.287677564477242,AREMQVSSSSTTTSESQDPSSGDP
A6NKB5_DISORDER_1876_1958,83,26.437517728170665,RQHSGGNIEDVDGGGAPTTGGNNAPSGGSQESSAEQPRKGGAQHGVSSCEGTQRTGRRKGRSQSVQAHSALSQRPPMLSSSGP
A6NMZ7_DISORDER_1397_1723,327,59.73423299515857,MGDPGPPGKRGPPGFKGSEGYLGEEGIAGERGAPGPVGEQGTKGCYGTKGPKGNRGLNGQEGEVGENGIDGLNGEQGDNGLPGRKGEKGDEGSQGSPGKRGTPGDRGAKGLRGDPGAPGVDSSIEGPTGLKGERGRQGRRGWPGPPGTPGSRRKTAAHGRRGHTGPQGTAGIPGPDGLEGSLGLKGPQGPRGEAGVKGEKGGVGSKGPQGPPGPGGEAGNQGRLGSQGNKGEPGDLGEKGAVGFPGPRGLQGNDGSPGYGSVGRKGAKGQEGFPGESGPKGEIGDPGGPGETGLKGARGKMISAGLPGEMGSPGEPGPPGRKGVKGA
A6NNB3_DISORDER_1_21,21,12.707584019973394,MDTAYPREDTRAPTPSKAGAH
A6NNM8_DISORDER_520_556,37,16.35624468174854,RLKQEQQETSGTKRQKARDQNQGESAGEKSRPRAGLQ
A6NNZ2_DISORDER_421_444,24,13.592879151810438,EYQQYQDATAEEEEDEEYAEEEVA
A6PVC2_DISORDER_1_29,29,14.177931494589211,MEPERKGLSLASSSDGDGREENKLKQGIS
A6PVC2_DISORDER_228_254,27,13.78101980875474,RSSRSKPRDQREEAGSSDLSSRQDAEN
A6PVC2_DISORDER_627_652,26,14.939968258393806,AQPLKARGPSAMPDPAQGPPSPALQR
A7E2V4_DISORDER_45_65,21,11.718363512907816,RKQSAGPNSPTGGGGGGGSGG
A7E2V4_DISORDER_514_727,214,48.69082995271783,SRPGASRSGGLEESRDRPRPLPTEPAVRPKEPGTKRKGLGEGVPSSQRGPRRLSAEGGDKALHKMGPGGGKAKALGGAGSGSKGSAGGGSKRRLSSEDSSLEPDLAEMSLDDSSLALGAEASTFGGFPESPPPCPLHGGSRGPSTFLPEPPDTYEEDGGVYFSEGPEPPTASVGPPGLLPGDVCTQDDLPSTDESGNGLPKTKEAAPAVGEEDD
A7E2V4_DISORDER_803_823,21,13.571256079505588,NPPDLKVEPPPAKGKKNKVST
A7E2V4_DISORDER_1016_1232,217,47.03266384882911,SQTHKPQTLSSFYSSSRPTTASQRSPSKHGGPSAPGALQPLTSGSAGPAQPGSVAGAGPGPTEGFTEKNVPESSPHSPCEGLPSEAALTPRPEGKVPSRLALGSRGGYNGRGWGSPGRPKKKHTGMASIDSSAPETTSDSSPTLSRRPLRGGWAPTSWGRGQDSDSISSSSSDSLGSSSSSGSRRASASGGARAKTVEVGRYKGRRPESHAPHVPNQ
A7E2V4_DISORDER_1442_1464,23,12.379044366845193,SASGIRAGGEAGRGMPEGRGGPG
A7E2V4_DISORDER_1635_1656,22,13.47754675405456,QPSPLVSGGFPPPEEETHSQPV
A7E2Y1_DISORDER_1946_1983,38,16.584193463057964,RKAQHELDDAEERADMAETQANKLRARTRDALGPKHKE
A7KAX9_DISORDER_818_858,41,18.361766762274293,FLDSPGYSKDKPSANKKDAETGSSQCQTPGSTASSEPVSPL
A7KAX9_DISORDER_927_1038,112,33.60926672922114,SNTTAQNASSSTWDKCVEERDATNRSPTQIVKMKTNETVAQEAYESEVQPLDQVAAEEVELPGKEDQSVSSSQSKAVASGQTQTGAVTHDPPQDSVPVSSVSLIPPPPPPKN
A7KAX9_DISORDER_1103_1143,41,18.163406427719003,PAEQFHLQNNAPGNCDHPLPETTATGDPTHSNTTESGEQHH
A7KAX9_DISORDER_1169_1257,89,29.849337050882056,VPLDSEKSDDHVSFPEDQSGKNSMPTVSFLDQDQSPPRFYSGDQPPSYLGASVDKLHHPLEFADKSPTPPNLPSDKIYPPSGSPEENTS
A7KAX9_DISORDER_1798_1896,99,30.01973607857954,PGKTGLLSVAEGKESRHAAKAISPEGEDRFYRRHPEAEMDRAHHHGGHGSTQPEKPSLPQKQSSLRSRKLPDMGCSLPEHRAHQEASHRQFCESKNGPP
A7MCY6_DISORDER_326_458,133,39.40075919773794,QARSGGQRHSPLSQRHSPAPQCPSPSPPARAAPPCPPCQSPVPQRRSPVPPCPSPQQRRSPASPSCPSPVPQRRSPVPPSCQSPSPQRRSPVPPSCPAPQPRPPPPPPPGERTLAERAYAKPPSHHVKAGFQG
A7MD48_DISORDER_38_248,211,54.21581827806615,ARKPLPRTEPQNNPVVPAQDGPSEKLGQHLATEPLGTNSWERDKTCRELGATRGHSASHDKDLTPPPSSRGKKKKKKSTRKKRRRSSSYSPSPVKKKKKKSSKKHKRRRSFSKKRRHSSSSPKSKRRDEKRHKKQSRSRPRKSHRHRHHRCPSRSQSSESRPSSCESRHRGRSPEEGQKSRRRHSRRCSKTLCKDSPEAQSSRPPSQPLQM
A7MD48_DISORDER_263_611,349,63.172626587243165,SAADLFTKTASPLTTSRGRSQEYDSGNDTSSPPSTQTSSARSRGQEKGSPSGGLSKSRELNSGNTSDSGNSFTTSSPQNKGAMLENLSPTSRGRESRGFQSPCLECAEVKKSSLVPSTARSSPMKGCSRSSSYASTRSSSHSSRSPNPRASPRYTQSRSTSSEKRSYSRSPSYSSKSGKRSPPSRSSRSRRSPSYSRYSPSRERDPKYSEKDSQQRERERARRRRRSYSPMRKRRRDSPSHLEARRITSARKRPIPYYRPSPSSSGSLSSTSSWYSSSSSRSASRSYSRSRSRSRSRRRSRTRTSSSSSSRSPSPGSRSRSRSRSRSRSRSRSQSRSYSSADSYSSTRR
A7XYQ1_DISORDER_1_26,26,15.118168140505704,MAEMEKEGRPPENKRSRKPAHPVKRE
A7XYQ1_DISORDER_308_339,32,15.905074233731913,RRKAPSPVATAGQSQGPGPSASTTVSPSDTAN
A7XYQ1_DISORDER_413_484,72,29.0745037522043,RGPPHHASNPNSPLSNPMLPGIGPPPGGPRNLGPTSSPMHRPMLSPHIHPPSTPTMPGNPPGLLPPPPPGAP
A7XYQ1_DISORDER_550_646,97,30.71327085738149,KPPNGFSSNGENFIPNAPGDSAAAGGKPSGHSLSPRDSKQGSSKSADSPPGCSGQALSLAPTPAEHGRSEVVDLTRRAGSPPGPPGAGGQLGFPGVL
A7XYQ1_DISORDER_730_771,42,22.8128375474128,AAAEGAKSAEPPPEQPPPPPPPAPPKKLLSPEEPAVSELESV
A8CG34_DISORDER_1_24,24,13.28815060760708,MSPAAAAAGAGERRRPIASVRDGR
A8CG34_DISORDER_90_200,111,34.50806000770343,RTLFASPPAKSTANGNLLEPRTLLEGPDPAELLLMGSYLGKPGPPQPAPAPEGQDLRNRPGRRPPARPAPRSTPPSQPTHRVHHFYPSLPTPLLRPSGRPSPRDRGTLPDR
A8CG34_DISORDER_296_507,212,46.44109635819611,KKKKRTVEEEDQIFLDGQENKRRRHDSSGSGHSAFEPLVASGVPASFVPKPGSLKRGLNSQSSDDHLNKRSRSSSMSSLTGAYTSGIPSSSRNAITSSYSSTRGISQLWKRNGPSSSPFSSPASSRSQTPERPAKKIREEELCHHSSSSTPLAADKESQGEKAADTTPRKKQNSNSQSTPGSSGQRKRKVQLLPSRRGEQLTLPPPPQLGYS
A8CG34_DISORDER_579_747,169,46.29699659347534,KKMQTPPSLPPCPESAGAATTEALSPPKTPSLLPPLGLSQSGPPGLLPSPSFDSKPPTTLLGLIPAPSMVPATDTKAPPTLQAETATKPQATSAPSPAPKQSFLFGTQNTSPSSPAAPAASSASPMFKPIFTAPPKSEKEGLTPPGPSVSATAPSSSSLPTTTSTTAPT
A8CG34_DISORDER_936_966,31,16.119490128778747,PLPSYPGANPQPAFGAAEGQPPGAAKPALTP
A8CG34_DISORDER_1202_1229,28,15.078165425510493,PSFSIGAGSKTPGARQRLQARRQHTRKK
A8K0Z3_DISORDER_297_359,63,25.805094407923058,QDGVLTPPPPPPPPPPAPEVLASAPPLPPSTAAPVGQGARQDDSSSSASPSVQGAPREVVDPS
A8K0Z3_DISORDER_376_407,32,15.655678181276215,GKAKLRSMKERKLEKQQQKEQEQVRATSQGGH
A8K0Z3_DISORDER_423_465,43,20.480924845585964,ISGKGPGAGEGPGGAFVRVSDSIPPLPPPQQPQAEEDEDDWES
A8K2S1_DISORDER_409_457,49,20.15997743606567,GSQSRGSTMEEELENITTKHIVSNDSSDSDDESHEPKGTENEDAGSDYQ
A8K3H3_DISORDER_58_83,26,16.60619344309575,MASLSVETQSTSSEEMVPSSPSPPPP
A8K3H3_DISORDER_161_180,20,11.7837402005992,RNDRNKKKKEVKEEGSPDSY
A8K3H3_DISORDER_408_454,47,20.108299157741968,MPPLIREMLENPEMFEDDSSQPGPHPNASSEDEVPGGQGKGGLKSPA
A8K571_DISORDER_291_311,21,12.514686206832708,IRSTGSKQRSQNRSKTPKNQE
A8K660_DISORDER_40_101,62,23.730216738651457,MAGIPGHPGHNGAPGRDGRDGTPGEKGEKGDPGLIGPKGDIGETGVPGAEGPRGFPGIQGRK
A8K6K2_DISORDER_540_561,22,12.668524334158429,ASQEITHCHDEDDDEEEEEEEE
A8K830_DISORDER_24_45,22,11.713528057624154,RRAHQAASGGTRSGGSSVHLSD
A8K8P3_DISORDER_1017_1038,22,13.141174159683638,EPAQSQRPQKPQEHGLGMAQPA
A8K8P3_DISORDER_1053_1081,29,16.31352740982089,ALVPHSPLPGALSSAPGPKQPPTASTGPE
A8K8P3_DISORDER_1101_1122,22,14.480360780062894,VSAQRATPRDKPPVPSSLASVP
A8K8V0_DISORDER_1_26,26,14.94540608890974,MGPPLAPRPAHVPGEAGPRRTRESRP
A8K8V0_DISORDER_88_126,39,16.520884275558675,WSPEAQDPDGESSAAFSRGQGQEAGSRDGNEEKERLKKC
A8K8W7_DISORDER_1_198,198,46.33013548576279,MEPGSKSVSRSDWQPEPHQRPITPLEPGPEKTPIAQPESKTLQGSNTQQKPASNQRPLTQQETPAQHDAESQKEPRAQQKSASQEEFLAPQKPAPQQSPYVQRVLLTQQEAASQQGPGLGKESITQQEPALRQRHVAQPGPGPGEPPPAQQEAESTPAAQAKPGAKREPSAPTESTSQETPEQSDKQTTPVQGAKSKQ
A8K8W7_DISORDER_229_250,22,12.248786033805462,VTDSESESDVGSSSDTDSPATM
A8K8W7_DISORDER_838_930,93,31.25845137088496,KSQKMSEPIAEPMRRSVSEAALAQPQGPLGTDSLKNLTLRDLSLRGNSETSSDTPEMSLSAETLSPSTPSDVNFLLPPEDAGEEAEAKNELSP
A8K8W7_DISORDER_1055_1076,22,11.689053332063132,AGAGPSGETGAAGVDGGCGGRH
A8KA13_DISORDER_143_190,48,21.854571153422217,RPLEAEPPTPPTAPPPGSPRRSEGHPDPPTESRSCSQGPPSPASPDPK
A8KA13_DISORDER_210_260,51,20.983443863171768,GSLVGERSSGQPCPQARLPSGDEASSSSSSSSSSSSEEGPIPGPQSRLSPT
A8MQ03_DISORDER_51_105,55,21.267797383514857,APEPTHLLQPTEVPGPKGAKGNQGAAPIQNQQAWQQPGNPYSSSQRQAGLTYAGP
A8MQ27_DISORDER_436_493,58,23.730438026667848,QSSPATTTPSGSLSGSQDDSDSDMTFSVNQSSSASESSLVTAPSSPLSPPVSPVFSPP
A8MTA8_DISORDER_62_84,23,14.90725459302881,PPIRPPRSPEVPRESLPVRRGQE
A8MTA8_DISORDER_125_169,45,20.568990899784705,EKQGSEELPKEAKGRKDTEKDQVPEPEGQLEEPTLEVVEQASPYS
A8MTJ3_DISORDER_1_27,27,13.871333888937707,MGSGISSESKESAKRSKELEKKLQEDA
A8MTJ6_DISORDER_103_122,20,12.700235580335034,GCSQRPFAQPAPAAPASPAA
A8MTJ6_DISORDER_234_306,73,26.033126600382655,FRRKRKRRSEASNGSTVAAGTSKSEEGLSSGLGSGVGGKPEEESPSTLLRPSHSPEPPEGTKSTASSPGGPML
A8MTJ6_DISORDER_364_396,33,15.365889887341204,DTLQLSNSTSNSTGQRSSYYSPFPASTSGGQSS
A8MTQ0_DISORDER_1_47,47,21.95322085396305,MPSPRPRGSPPPAPSGSRVRPPRSGRSPAPRSPTGPNTPRAPGRFES
A8MTQ0_DISORDER_224_251,28,14.51466628794384,AEAASLDEPSSSSIASIQSDDAESGVDG
A8MTZ0_DISORDER_1_22,22,12.409134290624609,MLKAAAKRPELSGKNTISNNSD
A8MU46_DISORDER_1_348,348,68.95082095791793,MEQKEGKLSEDGTTVSPAADNPEMSGGGAPAEETKGTAGKAINEGPPTESGKQEKAPAEDGMSAELQGEANGLDEVKVESQREAGGKEDAEAELKKEDGEKEETTVGSQEMTGRKEETKSEPKEAEEKESTLASEKQKAEEKEAKPESGQKADANDRDKPEPKATVEEEDAKTASQEETGQRKECSTEPKEKATDEEAKAESQKAVVEDEAKAEPKEPDGKEEAKHGAKEEADAKEEAEDAEEAEPGSPSEEQEQDVEKEPEGGAGVIPSSPEEWPESPTGEGHNLSTDGLGPDCVASGQTSPSASESSPSDVPQSPPESPSSGEKKEKAPERRVSAPARPRGPRAQN
A8MV65_DISORDER_57_80,24,13.859593716498424,VTLPSKQEEEDEEEEEEEKDQPAE
A8MV65_DISORDER_175_203,29,15.62413632688851,PPGTFSAADPSPWPGHNLHQTGPAPPPAV
A8MV65_DISORDER_233_256,24,13.758297078280204,HAHMHHRHRHHHHHHHPPAGSALD
A8MW92_DISORDER_183_248,66,24.611720175018732,AKNKTGSKPRTSANSNKDKDKDERKWFKVPSKKEETSTCIATPDVEKKEDLPTSSETFGLHVENVP
A8MW92_DISORDER_307_371,65,24.638000136742804,MLEQAISPKPQSQKKNEADISSSANTQKPALLSSTLSSGKARSKKCKHESGDSSGCIKPPKSPLS
A8MW92_DISORDER_389_458,70,25.676860881357083,SVINKTSPPQPVNPPRPFKHSERRRRSQRLATLPMPDDSVEKVSSPSPATDGKVFSISSQNQQESSVPEV
A8MW92_DISORDER_473_585,113,33.834576547321475,LPLDLSRGSEVTAPVASDSSYRNECPRAEKEDTQMLPNPSSKAIADGRGAPAAAGISKTEKKVKLEDKSSTAFGKRKEKDKERREKRDKDHYRPKQKKKKKKKKKSKQHDYSD
A8MW92_DISORDER_862_923,62,22.49865835196016,SYQKPQSFGQDCKSLADPGSSDDDDVSSLEEEQEFHMRSKNSLQYSAKEHGMPEKNPAEGNT
A8MW95_DISORDER_17_74,58,23.12045046251505,LSGSSESRSLPAAPAPTSGQAEPGDTREPGVTTREVTDAEEQQDGASSRSPPGDGSVS
A8MW99_DISORDER_86_110,25,13.394845724105837,AQEPKSSESTLTSMEDSGCDLSNEQ
A8MXV4_DISORDER_91_116,26,14.128794206058602,LGPAPFSRTAFPSLPDTDDHKTDNTG
A8MYU2_DISORDER_828_854,27,14.216181518540186,QIDSSSDPSPSVSEETPGYTNGHNEKS
A8MYU2_DISORDER_1118_1149,32,15.569609596169938,SQIPLGDNAKENERKTSDEVYDEDPFAYSEPL
A8MZ59_DISORDER_65_133,69,25.47287756888593,RQQRQQMQTRPSLGPANQTTSVKKEETPSAITTANIRPVSPGISDANDHDLREPSGIKNPGGASASARV
A8TX70_DISORDER_1404_1693,290,55.26954080476353,GLQAMKGSQGLKGSRGHRGEDGNPGVRGDTGPQGDKGIAGCPGAWGQKGLKGFSGPKGGHGDDGIDGLDGEEGCHGFPGIKGEKGDPGSQGSPGSRGAPGQYGEKGFPGDPGNPGQNNNIKGQKGSKGEQGRQGRSGQKGVQGSPSSRGSRGREGQRGLRGVSGEPGNPGPTGTLGAEGLQGPQGSQGNPGRKGEKGSQGQKGPQGSPGLMGAKGSTGRPGLLGKKGEPGLPGDLGPVGQTGQRGRQGDSGIPGYGQMGRKGVKGPRGFPGDAGQKGDIGNPGIPGGPGP
A9YTQ3_DISORDER_1_40,40,19.176024999360667,MPRTMIPPGECTYAGRKRRRPLQKQRPAVGAEKSNPSKRH
A9YTQ3_DISORDER_366_434,69,25.803183538059617,LVLDPKGGSGDREEEQHRMLSRASGVTGRRETPGPTKPLPWTAGKHSEDGARPRLQPSKNDPPSLRPMP
A9YTQ3_DISORDER_448_483,36,17.575398445129395,FRNSPISHPPSPSPSAYSSRTSRPMRDVGEDQVHPP
B0LPE5_DISORDER_113_138,26,13.85668871688819,QEEEEMDFRSGSPSDNSGAEEMEVSL
B0LPE5_DISORDER_450_480,31,15.576385718242694,TPPDQDDSMECVDSERRPHFPQFSYSASGTA
B0YJ81_DISORDER_1_63,63,23.6712803166629,MGRLTEAAAAGSGSRAAGWAGSPPTLLPLSPTSPRCAATMASSDEDGTNGGASEAGEDREAPG
B1AK53_DISORDER_338_400,63,23.86562864690768,SRDPSAELEAKQPDSGMSSPNTTVSVQPLNFDLSSPTSTLSNYDSCSSSHSSIKGQHPPCGLS
B1AK53_DISORDER_415_474,60,27.000937081683123,NPELGLPRGTIGKPTPPPPPPSFPPPPPPPGTQLPPPPPGYPAPKPPVGPQAADIYMQTK
B1AK53_DISORDER_487_713,227,51.42800886560412,KELSSCDGHDGLRRQDSSRKPRAFSKQPSTGDYYRQLGRCPGETLAARPGMAHSEEVRARQPARAGCPRLGPAARGSLEGPSAPPQAALLPGNHVPNGCAADPKASRELPPPPPPPPPPLPEAASSPPPAPPLPLESAGPGCGQRRSSSSTGSTKSFNMMSPTGDNSELLAEIKAGKSLKPTPQSKGLTTVFSGIGQPAFQPDSPLPSVSPALSPVRSPTPPAAGFQ
B1AK53_DISORDER_765_788,24,12.55292711908062,KMQEEEEQRRKEEEEEARLASMPA
B1AK53_DISORDER_800_832,33,15.140865627368417,EEREQKRKEEERQKQEELRREKEQSEKLRTLGY
B2R807_DISORDER_515_542,28,15.697077492056964,KKPKQEPEVEKASQRIPLQPHGPGLGSS
B2R812_DISORDER_590_640,51,22.71719537513825,FQPDTAPRSPNTGPYPSEQALPIPGTPPPNYDSLRLQPLDVIESDSEGDAI
B2R9L7_DISORDER_7_31,25,13.360000848770142,ANWSAEAANASAAPPGAEGNRTAGP
B2R9L7_DISORDER_361_389,29,14.141414146908996,SASKKSNSSSFVLSHRSSSQRSCSQPSTA
B2RAG9_DISORDER_594_690,97,31.10840121724135,QITGNGGSTIGSSPTPPHHTPPPVSSMAGNTKNHPMLMNLLKDNPAQDFSTLYGSSPLERQNSSSGSPRMEICSGSNKTKKKKSSRLPPEKPKHQTE
B2RAG9_DISORDER_777_805,29,14.773024827701835,KLPSTSDDCPAIGTPLRDSSSSGHSQSTL
B2RAG9_DISORDER_859_879,21,11.8906860254772,SQSGFGEEYFDESSQSGDNDD
B2RAG9_DISORDER_933_1551,619,93.08028104387036,EHHSGSQGPLLTTGDLGKEKTQKRVKEGNGTSNSTLSGPGLDSKPGKRSRTPSNDGKSKDKPPKRKKADTEGKSPSHSSSNRPFTPPTSTGGSKSPGSAGRSQTPPGVATPPIPKITIQIPKGTVMVGKPSSHSQYTSSGSVSSSGSKSHHSHSSSSSSSASTSGKMKSSKSEGSSSSKLSSSMYSSQGSSGSSQSKNSSQSGGKPGSSPITKHGLSSGSSSTKMKPQGKPSSLMNPSLSKPNISPSHSRPPGGSDKLASPMKPVPGTPPSSKAKSPISSGSGGSHMSGTSSSSGMKSSSGLGSSGSLSQKTPPSSNSCTASSSSFSSSGSSMSSSQNQHGSSKGKSPSRNKKPSLTAVIDKLKHGVVTSGPGGEDPLDGQMGVSTNSSSQPMSSKHNMSGGEFQGKREKSDKDKSKVSTSGSSVDSSKKTSESKNVGSTGVAKIIISKHDGGSPSIKAKVTLQKPGESSGEGLRPQMASSKNYGSPLISGSTPKHERGSPSHSKSPAYTPQNLDSESESGSSIAEKSYQNSPSSDDGIRPLPEYSTEKHKKHKKEKKKVKDKDRDRDRDKDRDKKKSHSIKPESWSKSPISSDQSLSMTSNTILSADRPSRLSPDFMI
B2RDY3_DISORDER_95_184,90,29.78433870670453,DPAVWPPPVPAEHRAPPQIRRPNREVRPLRKEMAGVGARGPVGRAHPISKSEKPSTSRDKDYRARGRDDKGRKNMQDGASDGEMPKFDGA
B2RTY4_DISORDER_1223_1250,28,14.458650317731584,SVDCLKESPNKQQERAQSQSGVDLQEDV
B2RTY4_DISORDER_1299_1386,88,28.922912436886357,SPSEDRRWSTELVPEGLQSPRGTPDSESSQGSLELLSYEESQKSKLESVISDEGDLQFPSPKISSSPKFDSRDNALSASNETSSAEHL
B2RTY4_DISORDER_1804_1836,33,17.237706376714723,YHPTPPLSPELPGSCRKEFKENKEPSPKAKRKR
B2RTY4_DISORDER_2359_2383,25,13.261215686798096,PRASDDETLESEASIGTADSSENLN
B2RTY4_DISORDER_2401_2424,24,13.931624753083964,SSLKTAGKSEPSSKLRKQLKKQQD
B2RTY4_DISORDER_2490_2531,42,19.396761310113927,RGTFNPEKGKQKLKNVKNSPQKTKETPEGTVMSGRRKTVDPD
B2RUZ4_DISORDER_1_20,20,10.770149780429929,MQPQESHVHYSRWEDGSRDG
B2RXF5_DISORDER_121_141,21,13.440157370348253,KDRSLDPGNPAPGAEPAQPPC
B2RXF5_DISORDER_166_188,23,14.35466254194009,AALPPRASGPPPCQVPEESDQAL
B2RXF5_DISORDER_207_256,50,21.88855779263923,LQTPLCSQRQPGAQPLVKDERDSLSEQEESSSSRSPHSPPKPPPVPAAKG
B2RXH2_DISORDER_432_473,42,17.389963230698335,TGSWGSGRGRGRGQGQGRGCSRGRGHGCCTRELGTEEPTVQP
B3KN25_DISORDER_1_20,20,11.563051915798216,MSGHRSTRKRCGDSHPESPV
B3KU38_DISORDER_63_150,88,28.458310888792504,RQEPLGKRSPSPPSVSSEKLSSSVSMNTFSDSSTPDYREDGMDLGSDAGSSSSSSRASSQSNSTKVTPCSECKSSSSPGGSLDLVSAL
B3KU38_DISORDER_164_295,132,33.94914815039724,VIDEWAPEEDGEEEEEEDERDQRGYRDDRSPAREPGDVSARTRSGGGGGRSATTAMPPPVPNGNLHQHDPQDLRHNGNVVVAGRPSCSRGPRRAIQKPQPAGGRRSGRGPAAGGLCLQPPDGGTCVPEEPPV
B3KU38_DISORDER_312_336,25,12.621099948883057,FREQEVRNQGQARTNSTSAQKNERE
B3KU38_DISORDER_384_430,47,20.475252775017644,SGSDKDSDADDSKTETSLDTPLSPMSKQSSSYSDRDTTEEESESLDD
B3KUK7_DISORDER_95_184,90,29.78433870670453,DPAVWPPPVPAEHRAPPQIRRPNREVRPLRKEMAGVGARGPVGRAHPISKSEKPSTSRDKDYRARGRDDKGRKNMQDGASDGEMPKFDGA
B3KWH9_DISORDER_277_299,23,13.28591908656555,VNGHTYSFSPLENNVKPRKLRKD
B4DE54_DISORDER_176_204,29,13.957445906992415,GQEDSHHEDGESGSEASDSVSSCGQAGSQ
B4DE54_DISORDER_335_372,38,19.15538788863563,SLAVKSFSRRTPNSSSYCPSEPMMSTPPPASELPQPQP
B4DGD0_DISORDER_138_228,91,35.24067480480185,DNVDSADAEEDDSDVWWGGADTDYADGSEDKVVEVAEEEEVAEVEEEEADDDEDDEDGDEVEEEAEEPYEEATERTTSIATTTTTTTESVE
B4DJW4_DISORDER_191_216,26,14.686047224590558,RGQDPARPGFRRQQPDPSHRAPEDPG
B4DMD5_DISORDER_121_210,90,34.6834012647482,DNVDSADAEEDDSDVWWGGADTDYADGSEDKVVEVAEEEEVAEVEEEEADDDEDDEDGDEVEEEAEEPYEEATERTTSIATTTTTTTESV
B4DPI4_DISORDER_501_528,28,15.697077492056964,KKPKQEPEVEKASQRIPLQPHGPGLGSS
B4DQM1_DISORDER_179_268,90,34.6834012647482,DNVDSADAEEDDSDVWWGGADTDYADGSEDKVVEVAEEEEVAEVEEEEADDDEDDEDGDEVEEEAEEPYEEATERTTSIATTTTTTTESV
B4DZI4_DISORDER_349_397,49,20.15997743606567,GSQSRGSTMEEELENITTKHIVSNDSSDSDDESHEPKGTENEDAGSDYQ
B7U540_DISORDER_387_433,47,18.350621357039905,DEEDEADGDQDGRSRDGLSPQARHDFDRLQAGGGVLEQRPYRRGSEI
C4AMC7_DISORDER_295_463,169,42.047730445861816,QDGVLTPPPPPPPPPPAPEVLASAPPLPPSTAAPVGQGARQDDSSSSASPSVQGAPREVVDPSGGRATLLESIRQAGGIGKAKLRSMKERKLEKKQQKEQEQVRATSQGGHLMSDLFNKLVMRRKGISGKGPGAGEGPGGAFARVSDSIPPLPPPQQPQAEEDEDDWES
C8C060_DISORDER_84_121,38,16.623878594824326,RRHSGQPGSPAPDHRLERAASRANTVRSFHHEESLEEL
C8C060_DISORDER_271_293,23,14.2543873036809,GKGHPLHKREKRQAKHKQRKRLK
C9JE40_DISORDER_24_60,37,20.761113073775128,CQLEKEEENEGEEEEEEEDEEDLDPDLDPDLEEEEND
C9JE40_DISORDER_159_186,28,15.387155931137768,QRILQQQQHSQTPSPPAKKPWSQQPDPY
C9JLW8_DISORDER_1_30,30,16.031659298520918,MTSSPVSRVVYNGKRTSSPRSPPSSSEIFT
D0PNI2_DISORDER_64_89,26,13.864333044695966,YQPQRRRDPGAAVPGAANASAQQPRT
D0PNI2_DISORDER_137_174,38,18.46440334304812,AGASRAENQTAPGEVPALSNLRPPSRVDGMVGDDPYNP
D0VY79_DISORDER_1_30,30,14.72859458502726,MEGAGGANDKKKISSERRKEKSRDAARSRR
D0VY79_DISORDER_494_520,27,14.606066638313877,IQDQTPSPSDGSTRQSSPEPNSPSEYC
D0VY79_DISORDER_642_688,47,19.979635006745813,PSPTHIHKETTSATSSPYRDTQSRTASPNRAGKGVIEQTEKSHPRSP
D3YTC7_DISORDER_179_211,33,16.216676841706054,VGSEARQPHGPAPDGAGGPHLHSGSPIRRALHR
D6RGH6_DISORDER_86_111,26,13.564794047047451,SSLLGSDAPPGGDLAASQNHSHQTEA
D6RGH6_DISORDER_294_319,26,15.129252902107376,ALQSRDPKRPRLLPEPANTDTRPGNL
D9ZGF1_DISORDER_138_201,64,22.164833068847656,LHPAAGHQMNGTNQHFRDCNPKHSGGSSTPGGSGGSSTPGGSGSSSGGGAGSSNSGGGSGSGNM
D9ZGF5_DISORDER_1_20,20,12.25153820483368,MAAGSITTLPALPEDGGSGA
D9ZGF8_DISORDER_1319_1354,36,17.118361473083496,NPPSGFVRASPRTLSTRSTANQSFRKVVKNTSGKTR
D9ZGF9_DISORDER_282_305,24,13.27451995742136,DSATGEPEASSGSGPPSGGALGPR
D9ZGF9_DISORDER_398_417,20,10.254106535103762,TDRGGDSGGGDRGGGGGRVA
O15015_DISORDER_1606_1672,67,24.604760952282422,AHARGHSQVPAQMEEARDPKAGTGEDQVVLPGQGKAQEAPSETPRGPGESVERARGGQAVTSMAAED
O15015_DISORDER_1781_1832,52,22.331468526694348,QQHQEEWTVAGSGAPVAPVTGRGDLPLPPPPTPTTPLLDPSPQWPADLSFSL
O15018_DISORDER_185_318,134,36.45956535282494,STYNGNSSNSSEPGETPTLELGDRTAKKGKRTRKFGVISRPPANKAPEESKGSAGCEVSSDPSTELENGPDPELGNGHVFQLENGPDSLKEVAGPHLERSEVDRGTEHRIPKTDAPLTTSNDKRRFSKGGKTDF
O15018_DISORDER_437_501,65,24.206787108381768,TSSVEDVSSWTDNEDQEADGEEDEGTSSSVQRAMPGTDEPQDVCGAEESKGNLESPKQGSNKIKL
O15018_DISORDER_678_723,46,19.28123714200938,LTPCSTPTHMSRSASPNFNTSGGASAGGSDEGSSSSLGRKTPGPKD
O15018_DISORDER_832_852,21,12.44171884018794,YQESKEANSSPGLGTPLKSPS
O15018_DISORDER_879_921,43,19.00355847792093,DFMVAGSEDEDHPGSGCSTSEEGSLPPSTSTHKEPGKPRANSL
O15018_DISORDER_984_1033,50,21.328729633238726,SLPGALPGPIRPLSEDDPRRVSISSSKGMDVHNQEERPRKTLVSKAISAP
O15018_DISORDER_1062_1155,94,29.556272320670736,SAEAPKGSPGSWWKKELSGSSSAPKLEYTVRTDTQSPTNTGSPSSPQQKSEGLGSRHRPVARVSPHCKRSEAEAKPSGSQTVNLTGRANDPCDL
O15018_DISORDER_1215_1493,279,56.64534757700291,PKAASELGQQPMTELDSSSDLISSPGKKGAAHPDPSKTSVDTGQVSRPENPSQPASPRVTKCKARSPVRLPHEGSPSPGEKAAAPPDYSKTRSASETSTPHNTRRVAALRGAGPGAEGMTPAGAVLPGDPLTSQEQRQGAPGNHSKALEMTGIHAPESSQEPSLLEGADSVSSRAPQASLSMLPSTDNTKEACGHVSGHCCPGGSRESPVTDIDSFIKELDASAARSPSSQTGDSGSQEGSAQGHPPAGAGGGSSCRAEPVPGGQTSSPRRAWAAGAPA
O15018_DISORDER_1530_1620,91,29.67819996867395,FHEDSTSLSGLGDSTEPSLSSMYGDAEDSSSDPESLTEAPRASARDGWSPPRSRVSLHKEDPSESEEEQIEICSTRGCPNPPSSPAHLPTQ
O15018_DISORDER_1638_1712,75,26.352686251502863,PRESVASPREKAACLPGSYTSGPDSSQPSSLLEMSSQEHETHADISTSQNHRPSCAEETTEVTSASSAMENSPLS
O15018_DISORDER_1809_1865,57,24.150249046319797,NQGTHLRSKTEKEQPLMPARSPDSKIQMVSSSQKKGVTVPHSPPQPKTNLENKDLSK
O15018_DISORDER_1892_1976,85,29.32641029152272,GKAKVNSEAPAANAVKAGGTDHRKPLISPQTSHKTLSKAVSQRLHVADHEDPDRNTTAAPRSPQCVLESKPPLATSGPLKPSVSD
O15018_DISORDER_2009_2079,71,25.82464684184285,PDRGCPTTPKSPKCRAEGRAPRADSGPVSPAASRNGMSVAGNRQSEPRLASHVAADTAQPRPTGEKGGNIM
O15018_DISORDER_2135_2166,32,15.53932995150056,QVAESSTSHPSSLPSHASQAEQEMSRSFSMAK
O15018_DISORDER_2178_2211,34,16.277347424778988,IRKAEYSQGKSSLMSDSRGVPRNSIPGGPSGEDH
O15018_DISORDER_2232_2251,20,12.112420501699006,HFGREGHPPHSLGRSRDSQV
O15018_DISORDER_2353_2383,31,16.192683533796057,AKSGASPFLSVSSKPPIGRRSSGSIVSGSLG
O15018_DISORDER_2426_2481,56,23.387620983834186,SRQNPPETSSKGSDSELKKSLGPLGIPTPTMTLASPVKRNKSSVRHTQPSPVSRSK
O15018_DISORDER_2516_2564,49,20.928598165512085,ITPRRSPGPPAGGVSCPEKGGNRACPGGSGPKTSAAETPSSASDTGEAA
O15018_DISORDER_2709_2729,21,12.895661409042257,DQPRPSARQEPPTANGKGLLS
O15020_DISORDER_2081_2222,142,38.30090341515075,REKERKRKREEEERRKQPPAPEPTASVPPGDLVGGQTASDTTWDGTQPRPPPSTQAPSVNGVCTDGEPSQPLLGQQRLEHSSFPEGPGPGSGDEANGPRGERQTRTRGPAPSAMPQSRSTESAHAATLPPRGPEPSAQEQME
O15020_DISORDER_2331_2390,60,23.64715813170104,SSASGEPEEPVVPSTTRGMTRAMTMPPVSPVGAEGPVVLRSKDGREREREKRFSFFKKNK
O15021_DISORDER_1_76,76,26.915678029541404,MGEKVSEAPEPVPRGCSGHGSRTPASALVAASSPGASSAESSSGSETLSEEGEPGGFSREHQPPPPPPLGGTLGAR
O15021_DISORDER_93_165,73,26.48610523827973,LALPPPLPGGAVPPAPRGSSASQEEQDEELDHILSPPPMPFRKCSNPDVASGPGKSLKYKRQLSEDGRQLRRG
O15021_DISORDER_227_269,43,19.416584625817492,RTSNRKSLIGNGQSPALPRPHSPLSAHAGNSPQDSPRNFSPSA
O15021_DISORDER_289_312,24,13.017127262410517,LPSSGYGTNTPSSTVSSSCSSQEK
O15021_DISORDER_536_560,25,13.346701860427856,GNYDSGTAETPETDESVSSSNASLK
O15021_DISORDER_921_1082,162,42.12122794744644,NSAEEKEDSVDKTKSTTLPSTETLSWSSEYSEMQQLSTSNSSDTESNRHKLSSGLLPKLAISTEGEQDEAASCPGDPHEEPGKPALPPEECAQEEPEVTTPASTISSSTLSVGSFSEHLDQINGRSECVDSTDNSSKPSSEPASHMARQRLESTEKKKISGK
O15021_DISORDER_1107_1143,37,17.763217362956603,GSPMSPHSLSSDPSSSRDSSPSRDSSAASASPHQPIV
O15021_DISORDER_1227_1262,36,17.810577392578125,PFENTSIKTGPARRNSYKSRMVRRSKKSKKKESLER
O15021_DISORDER_1289_1527,239,52.35053084602426,RSLSSGESLPGSPTHSLSPRSPTPSYRSTPDFPSGTNSSQSSSPSSSAPNSPAGSGHIRPSTLHGLAPKLGGQRYRSGRRKSAGNIPLSPLARTPSPTPQPTSPQRSPSPLLGHSLGNSKIAQAFPSKMHSPPTIVRHIVRPKSAEPPRSPLLKRVQSEEKLSPSYGSDKKHLCSRKHSLEVTQEEVQREQSQREAPLQSLDENVCDVPPLSRARPVEQGCLKRPVSRKVGRQESVDDL
O15021_DISORDER_1540_1561,22,12.347620938301883,KADGFPEKQESHQKSHGPGSDL
O15021_DISORDER_1609_1671,63,22.489237497570432,KQASVRASEGAMSDGRVPAEHRQGGGDFRRAPAPGTLQDGLCHSLDRGISGKGEGTEKSSQAK
O15021_DISORDER_1714_1741,28,15.370970960487265,SHECLPGNPVRPTGGQQEPPPASESRAF
O15021_DISORDER_1764_1795,32,16.665543645580286,RVDSGTEKPGLVAPESPVRKSPSEYKLEGRSV
O15021_DISORDER_1809_1864,56,23.206774828649355,LLSGPQASKTELPSPESAQSPSPSGDVRASVPPVLPSSSGKKNDTTSARELSPSSL
O15021_DISORDER_1876_2386,511,82.24445288640243,FLPPSRGLQNSPAVSLPDPEFKRDRKGPHPTARSPGTVMESNPQQREGSSPKHQDHTTDPKLLTCLGQNLHSPDLARPRCPLPPEASPSREKPGLRESSERGPPTARSERSAARADTCREPSMELCFPETAKTSDNSKNLLSVGRTHPDFYTQTQAMEKAWAPGGKTNHKDGPGEARPPPRDNSSLHSAGIPCEKELGKVRRGVEPKPEALLARRSLQPPGIESEKSEKLSSFPSLQKDGAKEPERKEQPLQRHPSSIPPPPLTAKDLSSPAARQHCSSPSHASGREPGAKPSTAEPSSSPQDPPKPVAAHSESSSHKPRPGPDPGPPKTKHPDRSLSSQKPSVGATKGKEPATQSLGGSSREGKGHSKSGPDVFPATPGSQNKASDGIGQGEGGPSVPLHTDRAPLDAKPQPTSGGRPLEVLEKPVHLPRPGHPGPSEPADQKLSAVGEKQTLSPKHPKPSTVKDCPTLCKQTDNRQTDKSPSQPAANTDRRAEGKKCTEALYAPAEGDK
O15021_DISORDER_2398_2623,226,50.16128763681856,NRLKGAERPAAGVGKGFPEARGKGPGPQKPPTEADKPNGMKRSPSATGQSSFRSTALPEKSLSCSSSFPETRAGVREASAASSDTSSAKAAGGMLELPAPSNRDHRKAQPAGEGRTHMTKSDSLPSFRVSTLPLESHHPDPNTMGGASHRDRALSVTATVGETKGKDPAPAQPPPARKQNVGRDVTKPSPAPNTDRPISLSNEKDFVVRQRRGKESLRSSPHKKAL
O15027_DISORDER_1_25,25,14.407715797424316,MQPPPQTVPSGMAGPPPAGNPRSVF
O15027_DISORDER_57_303,247,51.987417516057576,FSRQALQSTPLGSSSKSSPPVLQGPAPAGFSQHPGLLVPHTHARDSSQGPCEPLPGPLTQPRAHASPFSGALTPSAPPGPEMNRSAEVGPSSEPEVQTLPYLPHYIPGVDPETSHGGHPHGNMPGLDRPLSRQNPHDGVVTPAASPSLPQPGLQMPGQWGPVQGGPQPSGQHRSPCPEGPVPSGVPCATSVPHFPTPSILHQGPGHEQHSPLVAPPAALPSDGRDEVSHLQSGSHLANNSDPESTFR
O15027_DISORDER_335_359,25,13.566211462020874,NPLARGDSPENRTHHPLGAGAGSGC
O15027_DISORDER_508_540,33,15.337958051543538,APDATLHTVHPDSVSSSYSSRSHGRLSGSARPQ
O15027_DISORDER_553_603,51,20.701234863121776,KPEDEASGSFFKQIDSSPVGGETDETTVSQNYRGSVSQPSTPSPPKPTGIF
O15027_DISORDER_758_828,71,25.900802143318742,VQPPEEAMSGQQSRNPSSAAPVQSRGGIGASENLENPPKMGEEEALQSQASSGYASLLSSPPTESLQNPPV
O15027_DISORDER_924_987,64,24.575965881347656,LLVQPPSQPVPENLVPESQKDRKAGSALPGFANSPAGSTSVVLVPPAHGTLVPDGNKANHSSHQ
O15027_DISORDER_1006_1038,33,16.169596482014736,VNVYNPSHSDSLASQQSVASHPRQSGPGAPNLD
O15027_DISORDER_1059_1151,93,31.497711076867095,QELVPPQQQASPPQLPKAMFSELSNPESLPAQGQAQNSAQSPASLVLVDAGQQLPPRPPQSSSVSLVSSGSGQAAVPSEQPWPQPVPALAPGP
O15027_DISORDER_1215_1248,34,17.160432103605284,YPEPERPSSRASHSSERPPPRQGYPEGYYSSKSG
O15027_DISORDER_1307_1378,72,23.28015839067447,FGDRPEKRDNNWRYDPRFTGSFDDDPDPHRDPYGEEVDRRSVHSEHSARSLHSAHSLASRRSSLSSHSHQSQ
O15027_DISORDER_2049_2110,62,24.670617521314977,KFANLTPSRTVPDSEAPPGWDRADSGPTQPPLSLSPAPETKRPGQAAKKETKEPKKGESWFF
O15027_DISORDER_2141_2181,41,20.871887384173473,VNLNEPEEEKKAPPPPPTSMPKTVQAAPPALPGPPGAPVNM
O15027_DISORDER_2226_2328,103,31.82411144259375,NLFVPTPDAEEPQLPDGTGREGPAAARGLANPEPAPEPKVLSSAASLPGSELPSSRPEGSQGGELSRCSSMSSLSREVSQHFNQAPGDLPAAGGPPSGAMPFY
O15033_DISORDER_315_345,31,15.405970582475945,PPMHMTSSQRRPSTAVDEEDEDSPSECHTPE
O15040_DISORDER_379_439,61,23.971114331105543,QAEKLPGATVSETRLRGSSMASSVASEPRSRSSSLNSTDSGSGLLPPGLQATPELGKGSQP
O15040_DISORDER_463_542,80,26.463239782193472,VKRKKKKKKTEGGSRSTCHSSLESTPCSEFPGDSPQSLNTDLLSMTSSVLGSSVDQLSAESPDQESSFNGEVNGVPQENT
O15040_DISORDER_579_637,59,23.74280120685403,RELLNGAREDVGGSDVTGLGDEPCPADDGPNSTQLPFQEQDSSPGAHDGEDIQPIGPQS
O15040_DISORDER_758_779,22,12.36992395971233,YAHGLPSSSSETSVTELGPSCS
O15040_DISORDER_1388_1411,24,13.441105891619126,HGTQKSSQAAMPHPEDLEDEWEVI
O15041_DISORDER_742_775,34,17.36148248814599,LKMSPSKWKYANPQEKKLRSKPEHYRLPRHTLDS
O15042_DISORDER_1_111,111,32.96492969708782,MADKTPGGSQKASSKTRSSDVHSSGSSDAHMDASGPSDSDMPSRTRPKSPRKHNYRNESARESLCDSPHQNLSRPLLENKLKAFSIGKMSTAKRTLSKKEQEELKKKEDEK
O15042_DISORDER_141_274,134,36.64439549326775,VNAAKEEHETDEKRGKIYKPSSRFADQKNPPNQSSNERPPSLLVIETKKPPLKKGEKEKKKSNLELFKEELKQIQEERDERHKTKGRLSRFEPPQSDSDGQRRSMDAPSRRNRSSGVLDDYAPGSHDVGDPSTT
O15042_DISORDER_778_841,64,23.62345314025879,KWELFDQHEESEEEENQNQEEESEDEEDTQSSKSEEHHLYSNPIKEEMTESKFSKYSEMSEEKR
O15042_DISORDER_855_1029,175,46.40828701884283,QDELESGKRPKKPGQSFQEQVEHYRDKLLQREKEKELERERERDKKDKEKLESRSKDKKEKDECTPTRKERKRRHSTSPSPSRSSSGRRVKSPSPKSERSERSERSHKESSRSRSSHKDSPRDVSKKAKRSPSGSRTPKRSRRSRSRSPKKSGKKSRSQSRSPHRSHKKSKKNKH
O15047_DISORDER_194_308,115,31.131300061554064,PTGGKALSEKFQGSGAATETAESRRRSSSDTAAYPAGTTAVGTPGNGTPCSQDTSFSSSRQDTPSSFGQFTPQSSQGTPYTSRGSTPYSQDSAYSSSTTSTSFKPRRSENSYQDA
O15047_DISORDER_331_363,33,15.175708517566152,TAATASSSASSSSLSSSSSSSSSSSSSQFRSSD
O15047_DISORDER_381_486,106,33.5058926917607,SYPPRRATREEPPGAPFAENTAERFPPSYTSYLPPEPSRPTDQDYRPPASEAPPPEPPEPGGGGGGGGPSPEREEVRTSPRPASPARSGSPAPETTNESVPFAQHS
O15047_DISORDER_506_655,150,42.396916834601285,LASDTEEEEENSSMVLGARDTGSEVPSGSGHGPCTPPPAPANFEDVAPTGSGEPGATRESPKANGQNQASPCSSGDDMEISDDDRGGSPPPAPTPPQQPPPPPPPPPPPPPYLASLPLGYPPHQPAYLLPPRPDGPPPPEYPPPPPPPPH
O15047_DISORDER_834_854,21,11.70712641826169,AKPFQNAAKQQAKEEDKEKTK
O15047_DISORDER_891_1251,361,70.16302418708801,PSFKVKRKEPSEISEASEEKRPRPSTPAEEDEDDPEQEKEAGEPGRPGTKPPKRDEERGKTQGKHRKSFALDSEGEEASQESSSEKDEEDDEEDEEDEDREEAVDTTKKETEVSDGEDEESDSSSKCSLYADSDGENDSTSDSESSSSSSSSSSSSSSSSSSSSSSSSESSSEDEEEEERPAALPSASPPPREVPVPTPAPVEVPVPERVAGSPVTPLPEQEASPARPAGPTEESPPSAPLRPPEPPAGPPAPAPRPDERPSSPIPLLPPPKKRRKTVSFSAIEVVPAPEPPPATPPQAKFPGPASRKAPRGVERTIRNLPLDHASLVKSWPEEVSRGGRSRAGGRGRLTEEEEAEPGTEV
O15047_DISORDER_1264_1293,30,15.290639427997888,ARRGLPALPAVEDSEATETSDEAERPRPLL
O15047_DISORDER_1307_1417,111,31.003789816274224,KPTPPAPALRPPEPVPAPAALFSSPADEVLEAPEVVVAEAEEPKPQQLQQQREEGEEEGEEEGEEEEEESSDSSSSSDGEGALRRRSLRSHARRRRPPPPPPPPPPRAYEP
O15047_DISORDER_1472_1499,28,15.120678570804804,NLTTPKRKRRPQDGPREHQTGSARSEGY
O15049_DISORDER_61_84,24,13.684640174937291,LPKKDSKSTKNTKRAPRNEPADYA
O15049_DISORDER_116_252,137,35.84607881297461,SVFKPTAGNGKGFLSMQSLASHKGQKLWRSNGSLHTLACHPPLSPGPRASQARAQLLHALSLDEGGPEPEPSLSDSSSGGSFGRSPGTGPSPFSSSLGHLNHLGGSLDRASQGPKEAGPPAVLSCLPEPPPPYEFSC
O15049_DISORDER_335_365,31,16.225708045566897,KELRAQQGLAPEPRAPGTLPEADPSARPEEE
O15049_DISORDER_430_465,36,16.41426658630371,QEQAPREEAPGSCETDDCKSRGLLGEAGGSEARDSA
O15054_DISORDER_52_88,37,18.25497466413189,GQPPLPAPLPPSHGSSSGHPSKPYYAPGAPTPRPLHG
O15054_DISORDER_190_680,491,74.97034793327539,AKRGGPPVKRAAEPPVVQPVPPAALSGPSGEEGLSPGGKRRRGCNSEQTGLPPGLPLPPPPLPPPPPPPPPPPPPLPGLATSPPFQLTKPGLWSTLHGDAWGPERKGSAPPERQEQRHSLPHPYPYPAPAYTAHPPGHRLVPAAPPGPGPRPPGAESHGCLPATRPPGSDLRESRVQRSRMDSSVSPAATTACVPYAPSRPPGLPGTTTSSSSSSSSNTGLRGVEPNPGIPGADHYQTPALEVSHHGRLGPSAHSSRKPFLGAPAATPHLSLPPGPSSPPPPPCPRLLRPPPPPAWLKGPACRAAREDGEILEELFFGTEGPPRPAPPPLPHREGFLGPPASRFSVGTQDSHTPPTPPTPTTSSSNSNSGSHSSSPAGPVSFPPPPYLARSIDPLPRPPSPAQNPQDPPLVPLTLALPPAPPSSCHQNTSGSFRRPESPRPRVSFPKTPEVGPGPPPGPLSKAPQPVPPGVGELPARGPRLFDFPPTPLED
O15054_DISORDER_704_807,104,35.77864900259209,ESIRKEEEQQQHEAGVAPQPPLKEPFASLQSPFPTDTAPTTTAPAVAVTTTTTTTTTTTATQEEEKKPPPALPPPPPLAKFPPPSQPQPPPPPPPSPASLLKSL
O15054_DISORDER_822_1096,275,55.675673292065625,GAAVSTRPGPLPTTQYSPGPPSGATALPPTSAAPSAQGSPQPSASSSSQFSTSGGPWARERRAGEEPVPGPMTPTQPPPPLSLPPARSESEVLEEISRACETLVERVGRSATDPADPVDTAEPADSGTERLLPPAQAKEEAGGVAAVSGSCKRRQKEHQKEHRRHRRACKDSVGRRPREGRAKAKAKVPKEKSRRVLGNLDLQSEEIQGREKSRPDLGGASKAKPPTAPAPPSAPAPSAQPTPPSASVPGKKAREEAPGPPGVSRADMLKLRSLS
O15054_DISORDER_1288_1325,38,18.213044579050145,FQESLQEEKESEDEESEEPDSTTGTPPSSAPDPKNHHI
O15055_DISORDER_1_79,79,28.137649137987992,MNGYAEFPPSPSNPTKEPVEPQPSQVPLQEDVDMSSGSSGHETNENCSTGRDSQGSDCDDSGKELGMLVEPPDARQSPD
O15055_DISORDER_473_557,85,26.172341263200124,PVPHSGSSGYGSLGSNGSHEHLMSQTSSSDSNGHEDSRRRRAEICKNGNKTKNRSHYSHESGEQKKKSVTEMQTNPPAEKKAVPA
O15055_DISORDER_617_646,30,15.168906008554206,RSSDKRKATVSPGPHAGEAEPPSRVNSRTG
O15055_DISORDER_764_838,75,26.84639645073903,ERSKGQPSERTAPGLRNTSGIDSPWKKTGKNRKLKSKRVKPRDSSESTGSGGPVSARPPLVGLNATAWSPSDTSQ
O15055_DISORDER_931_985,55,23.233605295001528,FPSHPTLTSEMASASQPEFPSRTSIPRQPCACPATRATPPSAMGRASPPLFQSRS
O15055_DISORDER_1018_1050,33,16.850748962781672,VGADCKPGTSRDQQPKAPLTRDEPSDTQNSDAL
O15055_DISORDER_1077_1106,30,14.491872576770945,LGSGSLGCDASPSGAGSSDTSHTSKYFGSI
O15055_DISORDER_1231_1255,25,13.305820226669312,GLSEVSDTKEDENGSPLNHRIEEQT
O15056_DISORDER_1027_1073,47,20.73736203463872,NQPGVSDSELGGDDLSDVPGPTALAPPSKSPALTKKKQHPTYKDDAD
O15056_DISORDER_1085_1166,82,29.83602446106245,GEFRHRSPSRSLSVPNRPRPPQPPQRPPPPTGLMVKKSASDASISSGTHGQYSILQTARLLPGAPQQPPKARTGISKPYNVK
O15056_DISORDER_1190_1405,216,50.69914379738542,ASEEALSAVAPRDLEASSEPEPTPGAAKPETPQAPPLLPRRPPPRVPAIKKPTLRRTGKPLSPEEQFEQQTVHFTIGPPETSVEAPPVVTAPRVPPVPKPRTFQPGKAAERPSHRKPASDEAPPGAGASVPPPLEAPPLVPKVPPRRKKSAPAAFHLQVLQSNSQLLQGLTYNSSDSPSGHPPAAGTVFPQGDFLSTSSATSPDSDGTKAMKPEAA
O15056_DISORDER_1427_1473,47,20.64879745065336,NTWLSKSSDPLDSGTRSPKRDPIDPVSAGASAAKAELPPDHEHKTLG
O15060_DISORDER_129_162,34,16.620496454763547,ARAKPLTSTSESHSGTLSCPSAEPAHPLGELRGG
O15060_DISORDER_176_224,49,21.658154249191284,SDAGGSYKEEEKNVASDANHSLHLPQPPPPPPKTEDHDTPAPFTSIPSM
O15060_DISORDER_236_260,25,12.989349365234377,GIQTSTSSCQPYKVQSNGDFSKNSF
O15061_DISORDER_401_421,21,11.421516292006151,SGYSSSATTQQENSYGKAVSS
O15061_DISORDER_472_609,138,37.606565579492546,YRDRRDKVAAGASESTRSNERTVILGKKTEVKATREQERNRPETIRTKPEEKMFDSKEKASEERNLRWEELTKLDKEARQRESQQMKEKAKEKDSPKEKSVREREVPISLEVSQDRRAEVSPKGLQTPVKDAGGGTGR
O15061_DISORDER_1019_1060,42,18.904021220701814,LSKDEASEMEKAVESVVRESLSRQRSPAPGSPDEEGGAEAPA
O15061_DISORDER_1080_1105,26,14.011413412936443,SEVAGGASHSSGQRTPQGPVSATVEV
O15061_DISORDER_1198_1221,24,13.18188760052942,EAWGSPEPGPAESSADMDGSGRHS
O15061_DISORDER_1332_1415,84,26.455807132159276,QLGESGDSESTVHGEGSADVHQATHSHTSGRQTVMTEKSTFQSVVSESPQEDSAEDTSGAEMTSGVSRSFRHIRLGPTETETSE
O15061_DISORDER_1505_1525,21,11.267677898758416,FKASAGEGDQAHREQGKEQAM
O15062_DISORDER_158_252,95,29.199693001234827,LNSSQNGEEQPAPMSSSMRSNLDQRTPFPMRRLHKRKQSAEERARQRLRPSIDESAISDVTPENGPSGVHSREEFFSPDSLKIVDNPKADGMTDN
O15062_DISORDER_287_312,26,13.616310592082815,SMASRATQVETSFDQEAAPEKSSFQC
O15062_DISORDER_331_387,57,23.344716338716506,SEPLSSPEPQDEVSDVTSQAEGSESVEVEGVVVSAEKIDLSPESSDRSFSDPQSSTD
O15062_DISORDER_447_474,28,14.76618116079415,LLSPEAGPAGGPSSAPGSHVENPFSEPA
O15062_DISORDER_552_585,34,16.638619196677627,QIPENSTSSQLMMNGATSSFENGHPSQPGPPQLT
O15066_DISORDER_374_412,39,15.25863444742933,IGRRKRREKRREGGGSGGGGEEEEEEGEEGEEEGDDKDD
O15066_DISORDER_699_747,49,20.709172248840332,QVDASSFESTANKKSKARPKSGRKSGSSSSSSGTPASQLYPQSRGLVPK
O15068_DISORDER_557_625,69,25.04164175010528,LAARQTRPVQPVAPRPEALAKSPCPSPGIRRGSENSSSEGGALRRGPYRRAKSEMSESRQGRGSAGEEE
O15068_DISORDER_955_1058,104,31.17699464549775,SQHRALEQSQSLPLPAPTSTSPSRGNSRNIKKLEERKTDPLSLEGYVSSAPLTKPPEKGKGWSKTSHSLEAPEDDGGWSSAEEQINSSDAEEDGGLGPKKLVPG
O15068_DISORDER_1116_1137,22,12.432856412224076,GPSGSAQCLSSSGKAHVPRAHP
O15072_DISORDER_1174_1205,32,15.980958791538807,DSIGASSQARTSKKDGKIIDNRRPTRSSTLER
O15075_DISORDER_287_378,92,29.84372573475883,IASSSRRSTTKSPGPSRRSKSPASTSSVNGTPGSQLSTPRSGKSPSPSPTSPGSLRKQRSSQHGGSSTSLASTKVCSSMDENDGPGEEVSEE
O15075_DISORDER_697_740,44,18.36613366573271,FRRRRNQDVRSRYKAQPAPPELNSESEDYSPSSSETVRSPNSPF
O15078_DISORDER_149_168,20,10.59326904459228,ALRNEEAENENSKLRRENKR
O15078_DISORDER_2458_2479,22,12.908439492119502,SPVAASEEFEDEEESPVNFPIY
O15079_DISORDER_1_75,75,25.52997012919764,MAMSLPGSRRTSAGSRRRTSPPVSVRDAYGTSSLSSSSNSGSYKGSDSSPTPRRSMKYTLCSDNHGIKPPTPEQY
O15079_DISORDER_191_246,56,22.11906982798188,MAKEDGTGESAGGSPARSLTRSSTYTKLSDPAVCGDRQPGDPSSGSAEDGADSGFA
O15079_DISORDER_338_398,61,24.914775121610763,CGTDPESGDRCPELDAHPSGPRDPNSAVVVTVGDELEAPEPITRGPTPQRPGANPNPGQSV
O15083_DISORDER_1_44,44,19.7612402717096,MYGSARTITNLEGSPSRSPRLPRSPRLGHRRTSSGGGGGTGKTL
O15083_DISORDER_918_957,40,15.963217895264409,DDHHHYHHHHHHHHHRSPGRSQHSNHRPSPDQDDEEGIWA
O15085_DISORDER_1_40,40,18.299445453562193,MSVRLPQSIDRLSSLSSLGDSAPERKSPSHHRQPSDASET
O15085_DISORDER_128_175,48,23.48658820387061,GISGLQQDPSPAGAPRITSVIPSPPPPPPLPPPQRITGPKPLQDPEVQ
O15085_DISORDER_200_231,32,15.246304830165538,YGDTSQRPSEGRLSLDSQEGDSGLDSGTERFP
O15085_DISORDER_263_286,24,12.45951219701092,AQHHRRQGSDAAVPSTGDQGVDQS
O15085_DISORDER_490_555,66,25.36864592958275,ARPSNTAEKAQSAPDKDKWLPFFPKTKKSSNSKKEKDALEDKKRNPILKYIGKPKSSSQSTFHIPL
O15085_DISORDER_573_680,108,31.33487900498466,ENNQQYDAPEPGTQRLSTGSFPEDLLESDSSRSEIRLGRSESLKGREEMKRSRKAENVPRSRSDVDMDAAAEATRLHQSASSSTSSLSTRSLENPTPPFTPKMGRRSI
O15085_DISORDER_1084_1141,58,23.7978492568334,HPGAAPMPVHPPPPGPREPAQQGPTPSRVELDDSDVFHGEPEPEELPGGTGSQQRVQG
O15085_DISORDER_1223_1320,98,32.0612290451608,ETQAAQEPEDDLTPTPSVISVTSHPWDPGSPGQAPPGGEGDNTQLAGLEGERPEQEDMGLCSLEHLPPRTRNSGIWESPELDRNLAEDASSTEAAGGY
O15085_DISORDER_1332_1423,92,31.27658523066664,KVVPALPESGQSEPGPPEVEGGTKATGNCFYVSMPSGPPDSSTDHSEAPMSPPQPDSLPAGQTEPQPQLQGGNDDPRRPSRSPPSLALRDVG
O15085_DISORDER_1453_1522,70,25.820812227789844,LGGESSGGTTPVGSFHTEAARWTDGSLSPPAKEPLASDSRNSHELGPCPEDGSDAPLEDSTADAAASPGP
O15105_DISORDER_13_55,43,17.340028448232044,LWRSRAPGGEDEEEGAGGGGGGGELRGEGATDSRAHGAGGGGP
O15117_DISORDER_1_502,502,81.24763299015689,MAKYNTGGNPTEDVSVNSRPFRVTGPNSSSGIQARKNLFNNQGNASPPAGPSNVPKFGSPKPPVAVKPSSEEKPDKEPKPPFLKPTGAGQRFGTPASLTTRDPEAKVGFLKPVGPKPINLPKEDSKPTFPWPPGNKPSLHSVNQDHDLKPLGPKSGPTPPTSENEQKQAFPKLTGVKGKFMSASQDLEPKPLFPKPAFGQKPPLSTENSHEDESPMKNVSSSKGSPAPLGVRSKSGPLKPAREDSENKDHAGEISSLPFPGVVLKPAASRGGPGLSKNGEEKKEDRKIDAAKNTFQSKINQEELASGTPPARFPKAPSKLTVGGPWGQSQEKEKGDKNSATPKQKPLPPLFTLGPPPPKPNRPPNVDLTKFHKTSSGNSTSKGQTSYSTTSLPPPPPSHPASQPPLPASHPSQPPVPSLPPRNIKPPFDLKSPVNEDNQDGVTHSDGAGNLDEEQDSEGETYEDIEASKEREKKREKEEKKRLELEKKEQKEKEKKEQEIKK
O15117_DISORDER_598_678,81,29.361873865127563,VAEQDDISSHSQSGSGGIFPPPPDDDIYDGIEEEDADDGFPAPPKQLDMGDEVYDDVDTSDFPVSSAEMSQGTNVGKAKTE
O15119_DISORDER_301_342,42,17.475517022810408,KGFRDTGNGRREKRKQLTLQSMRVFDERHKKENGTSDESSSE
O15119_DISORDER_357_465,109,32.73304661279171,ASTVGTSNLKDLCPSEGESDAEAESKEEHGPEACDAAKISTTTSEEPCRDKGSPAVKAHLFAAERPRDSGRLDKASPDSRHSPATISSSTRGLGAEERRSPVREGTAPA
O15119_DISORDER_688_707,20,11.566217583248738,SGSELNSRSSTLSSSSMSLS
O15126_DISORDER_1_64,64,25.04094696044922,MSDFDSNPFADPDLNNPFKDPSVTQVTRNVPPGLDEYNPFSDSRTPPPGGVKMPNVPNTQPAIM
O15127_DISORDER_1_21,21,13.17809106057588,MSAFDTNPFADPVDVNPFQDP
O15127_DISORDER_51_72,22,13.958876686488509,VTQLPGSSQPAVLQPSVEPTQP
O15130_DISORDER_22_48,27,15.169030310016922,EGPGGQQEDQLSAEEDSEPLPPQDAQT
O15131_DISORDER_1_40,40,17.76729094311993,MDAMASPGKDNYRMKSYKNKALNPQEMRRRREEEGIQLRK
O15151_DISORDER_129_160,32,15.623179926501225,DIPSQDQLKQSAEESSTSRKRTTEDDIPTLPT
O15156_DISORDER_171_308,138,37.48979528709853,ASGVPNGEDSPPQVPLPPPPPPPPRPVARRSRKPRKAFLQTKGARANHLVPEVPTVPAHPLTYEEEEVAGRVGSSGGSGPGDSYSPPTGTASPPEGPQSYEPYEGEEEEEELVYPPAYGLAQGGGPPLSPEELGSDED
O15156_DISORDER_458_486,29,16.373050095934904,RTRRRRKDDAPPHYPPPSTAAASPAGLDL
O15156_DISORDER_501_539,39,19.30694908741187,FWEQSAPTGPPVSTPGPPDDDEEEGAPTTPQAEGAMESS
O15162_DISORDER_1_64,64,24.921443939208984,MDKQNSQMNASHPETNLPVGYPPQYPPTAFQGPPGYSGYPGPQVSYPPPPAGHSGPGPAGFPVP
O15164_DISORDER_15_44,30,14.89675698961255,ASAAASGGPSAAPSGENEAESRQGPDSERG
O15164_DISORDER_429_456,28,15.589218899743123,ESQPQMPKQNPVVEQNSQPPSGLSSNQL
O15164_DISORDER_476_550,75,27.761118522047077,QVMAQRQQVQRRPAPVGLPNPRMQGPIQQPSISHQQPPPRLINFQNHSPKPNGPVLPPHPQQLRYPPNQNIPRQA
O15164_DISORDER_571_594,24,13.53306547605974,ISSGQGTPSTTNSTSSTPSSPTIT
O15164_DISORDER_643_712,70,26.711257974890323,TNIDHGQPRPPSNRTVQSPNSSVPSPGLAGPVTMTSVHPPIRSPSASSVGSRGSSGSSSKPAGADSTHKV
O15164_DISORDER_766_824,59,22.767848040006427,NSSQSSTSEETVLRSDAPDSTGDQPGLHQDNSSNGKSEWLDPSQKSPLHVGETRKEDDP
O15164_DISORDER_1011_1036,26,13.543315042004862,PKPEFRNESEDNKFSDDSDDDFVQPR
O15165_DISORDER_286_306,21,12.825531449767054,NNAESTIVPIKGKDRKPGNLV
O15169_DISORDER_1_78,78,27.180094531488074,MNIQEQGFPLDLGASFTEDAPRPPVPGEEGELVSTDPRPASYSFCSGKGVGIKGETSTATPRRSDLDLGYEPEGSASP
O15169_DISORDER_215_289,75,26.024745747412386,SESPKVCSDQSSGSGTGKGISGYLPTLNEDEEWKCDQDMDEDDGRDAAPPGRLPQKLLLETAAPRVSSSRRYSEG
O15169_DISORDER_316_344,29,15.073823672082282,TSANDSEQQSLSSDADTLSLTDSSVDGIP
O15169_DISORDER_413_441,29,15.51749878983317,LKRVRMEEEGEDGDPSSGPPGPCHKLPPA
O15169_DISORDER_480_500,21,12.529837984037616,RTPGRQSPGPGHRSPDSGHVA
O15169_DISORDER_531_629,99,28.38629103121619,HHRHVHHHVHHSTARPKEQVEAEATRRAQSSFAWGLEPHSHGARSRGYSESVGAAPNASDGLAHSGKVGVACKRNAKKAESGKSASTEVPGASEDAEKN
O15169_DISORDER_641_679,39,17.918912019993073,KEISRHRRTGHGSSGTRKPQPHENSRPLSLEHPWAGPQL
O15173_DISORDER_1_33,33,15.206506948064442,MAAGDGDVKLGTLGSGSESSNDGGSESPGDAGA
O15173_DISORDER_202_223,22,12.550560093307862,KPGEEPSEYTDEEDTKDHNKQD
O15178_DISORDER_279_308,30,14.972690854382034,YPTLRSHRSSPYPSPYAHRNNSPTYSDNSP
O15194_DISORDER_1_25,25,13.798644542694092,MDGPAIITQVTNPKEDEGRLPGAGE
O15195_DISORDER_762_796,35,16.284091750695968,SQDSSENDLVRSPKSAGSRTSSSVSSTSATINGGL
O15197_DISORDER_163_182,20,11.13394350708736,SFPSSSSSSSSSSSAAWAVG
O15198_DISORDER_174_246,73,26.583539340133647,NATYPDSFQQPPCSALPPSPSHAFSQSPCTASYPHSPGSPSEPESPYQHSVDTPPLPYHATEASETQSGQPVD
O15204_DISORDER_173_200,28,14.291141107107885,FTSNQEEQDPANHTCGVKSTDGKQGPIR
O15209_DISORDER_167_247,81,26.1073694229126,TVPGAGVPSGSGGTVAPATMGSARSHASSRASENQSPSSSNYFSPRESTDFSSSSQEAFAASAVGSGERRGGGPVFPAPVV
O15209_DISORDER_308_461,154,42.05228839252386,APTPLVPQDPDLEEEEEEEDLVLTCEDDEDEELGGSSRVPVGGGPEATLSISDVRTLSEPPDKGEEQVNFCESSNDFGPYEGGGPVAGLDDSGGPTPSSYAPSHPPRPLLPLDMQGNQILVFPSSSSSSSSQAPGQPPGNQAEHGAVTVGGTSV
O15209_DISORDER_568_634,67,24.94964884165857,RLGGVGAVPGPGTPTGPSLPSKRESPGVGGGSGDEASAATPPSSRRVWSPPRVHKVEMGFGGGGGAN
O15211_DISORDER_1_54,54,21.538116232609735,MLPRPLRLLLDTSPPGGVVLSSFRSRDPEEGGGPGGLVVGGGQEEEEEEEEEAP
O15211_DISORDER_581_644,64,23.885787963867188,SLDSALESSPSLHSPADPSHLSPPASSPRPSRGHRRSASCGSPLSGGAEEASGGTGYGGEGSGP
O15211_DISORDER_734_766,33,16.248787359028615,RRSSTATPGVTSGPSASGTPPSEGGGGSFPRIK
O15213_DISORDER_1_103,103,33.81226199074167,METAPKPGKDVPPKKDKLQTKRKKPRRYWEEETVPTTAGASPGPPRNKKNRELRPQRPKNAYILKKSRISKKPQVPKKPREWKNPESQRGLSGTQDPFPGPAP
O15213_DISORDER_538_610,73,26.220058460279507,ERLGYDPQAKAPFQPKPKQKGRSSTASLVKRKRKVMDEEHRDKVRQSLQQQHHKEAKAKPTGARPSALDRFVR
O15226_DISORDER_27_87,61,22.878149670634244,SKGQKRHLSTCDGQNPPKKQAGSKFHARPRFEPVHFVASSSKDERQEDPYGPQTKEVNEQT
O15226_DISORDER_132_163,32,16.011300476369193,MYFDSGNPAPSTTSQQANSQSTPEPSPSQTFP
O43186_DISORDER_93_155,63,24.507892160508135,KCRQQRQQQKQQQQPPGGQAKARPAKRKAGTSPRPSTDVCPDPLGISDSYSPPLPGPSGSPTT
O43187_DISORDER_111_181,71,26.01375740291524,KPEKPLAASVRKAEDEQEEGQPVRMATFPGPGSSPARAHQPAFLQPPEEDAPHSLRSDLPTSSDSKDFSTS
O43187_DISORDER_510_540,31,15.300623478442905,LPWSGLSEGTGSSSNTPEETDDVDNSSLDAS
O43189_DISORDER_1_31,31,16.004034428510685,MAQPPRLSRSGASSLWDPASPAPTSGPRPRL
O43189_DISORDER_333_441,109,32.00227563739449,ARMPPPVEPPTGDGALTSFPSGQGPGGGVSRPLGKRRRPEPEPLRRRQKGKVEELGPPSAVRNQPEPQEQRERAHLQRALQASVSPPSPSPNQSYQGSSGYNFRPTDAR
O43189_DISORDER_455_537,83,29.4407280344335,HPSASTAGTSGDSGPPDRSPLELHIGFPTDIPKSAPHSMTASSSSVSSPSPGLPRRSAPPSPLCRSLSPGTGGGVRGGVGYLS
O43194_DISORDER_255_274,20,12.497298064047452,GSLAGGTRPPQLRKSESEES
O43194_DISORDER_415_453,39,17.632922562496343,SEAEPQSKSQSLSLESLEPNSGAKPANSAAENGFQEHEV
O43196_DISORDER_1_44,44,19.842628488484568,MASLGANPRRTPQGPRPGAASSGFPSPAPVPGPREAEEEEVEEE
O43236_DISORDER_1_115,115,31.877787979572464,MDRSLGWQGNSVPEDRTEAGIKRFLEDTTDDGELSKFVKDFSGNASCHPPEAKTWASRPQVPEPRPQAPDLYDDDLEFRPPSRPQSSDNQQYFCAPAPLSPSARPRSPWGKLDPY
O43236_DISORDER_428_448,21,13.58275757637868,LTRESGTDFPIPAVPPGTDPE
O43237_DISORDER_187_206,20,12.198653752196954,PEEGCQGSPQRRGPLTSGSD
O43237_DISORDER_371_423,53,22.42894307915912,AKQPATPTRASESPARGPSGSPRTQGRGGPASVPSSSPGTSVKKPDPNIKNNA
O43237_DISORDER_437_492,56,21.90308818480298,LSKKTGSPGSPGAGGVQSTAKKSGQKTVLSNVQEELDRMTRKPDSMVTNSSTENEA
O43242_DISORDER_1_69,69,25.686208054531654,MKQEGSARRRGADKAKPPPGGGEQEPPPPPAPQDVEMKEEAATGGGSTGEADGKTAAAAAEHSQRELDT
O43242_DISORDER_500_534,35,16.72688965238089,SYNKDLESAEERREREQQDLEFAKEMAEDDDDSFP
O43248_DISORDER_166_237,72,25.569901586981103,PAEPPCSGKGEAKGEPEAPPASGLASRAEAGAEAEAEEENTNPSSSGSAHSVAKEPAKGAAPNAPRTRKKRC
O43251_DISORDER_1_127,127,33.92190951177964,MQNEPLTPGYHGFPARDSQGNQEPTTTPDAMVQPFTTIPFPPPPQNGIPTEYGVPHTQDYAGQTGEHNLTLYGSTQAHGEQSSNSPSTQNGSLTTEGGAQTDGQQSQTQSSENSESKSTPKRLHVSN
O43255_DISORDER_1_42,42,21.02546632596036,MSRPSSTGPSANKPCSKQPPPQPQHTPSPAAPPAAATISAAG
O43257_DISORDER_1_72,72,24.25379307529942,MVEKKTSVRSQDPGQRRVLDRAARQRRINRQLEALENDNFQDDPHAGLPQLGKRLPQFDDDADTGKKKKKTR
O43272_DISORDER_155_177,23,12.179115908270356,AEHKEMESCTSAAERDGSGTNKR
O43281_DISORDER_68_123,56,23.90097413924767,AGPAPKPSLSPASPAQPGSPYPAPDHSNEDQEVYVVPPPARPCPTSGPPAGPCPPS
O43281_DISORDER_171_215,45,21.54175711134987,HPLTRVAPQPPGEDDAPYDVPLTPKPPAELEPDLEWEGGREPGPP
O43281_DISORDER_240_372,133,39.82220064110928,LADGEGGGTDEGIYDVPLLGPEAPPSPEPPGALASHDQDTLAQLLARSPPPPHRPRLPSAESLSRRPLPALPVPEAPSPSPVPSPAPGRKGSIQDRPLPPPPPRLPGYGGPKVEGDPEGREMEDDPAGHHNEY
O43281_DISORDER_390_422,33,17.830408044122382,DKAQGSRPPDQACTGDPELPERGMPAPQEALSP
O43283_DISORDER_1_22,22,12.697755114174855,MANFQEHLSCSSSPHLPFSESK
O43283_DISORDER_30_49,20,12.142334939554123,ELTAMGNHPSPKLLEDQQEK
O43283_DISORDER_90_114,25,12.719868421554564,HDESETAVSQGNSNTVDGESTSGTE
O43283_DISORDER_534_599,66,25.58231163538095,KRKGVPHKSGMQTKRPDLLRSEGIPTTEVAPTASPLSGSPKMSTSSSKSRYRSKPRHRRGNSRGSH
O43283_DISORDER_611_655,45,17.633892582923345,AQENSPHPTYLHQAQSQYPSLHHHNSLQQQYQQPPPAMSQSHHPR
O43283_DISORDER_744_834,91,29.38580263263783,DIPSAEPVGRSPDLSKSPAHNPLLENAQSSEKTEENEFSGCRSESSLGTSHLGTPPALPRKTRPLQKSGDDSSEEEEGEVDSEVEFPRRQR
O43283_DISORDER_846_908,63,24.7589213202319,STFSSENFSVSDGEEGNTSDHSNSPDELADKLEDRLAEKLDDLLSQTPEIPIDISSHSDGLSD
O43290_DISORDER_1_120,120,33.16150499926624,MGSSKKHRGEKEAAGTTAAAGTGGATEQPPRHREHKKHKHRSGGSGGSGGERRKRSRERGGERGSGRRGAEAEARSSTHGRERSQAEPSERRVKREKRDDGYEAAASSKTSSGDASSLSI
O43290_DISORDER_311_330,20,11.90260253675591,PDYLPYAEDESVDDLAQQKP
O43290_DISORDER_419_497,79,26.39304888537316,RADDLLPLGDQTQDGDFGSRLRGRGRRRVSEVEEEKEPVPQPLPSDDTRVENMDISDEEEGGAPPPGSPQVLEEDEAEL
O43290_DISORDER_571_604,34,16.097732646066238,LAGNREEQEELMDFERDEERSANGGSESDGEENI
O43291_DISORDER_100_122,23,12.879628171312332,ATSRNAADSSVPSAPRRQDSEDH
O43294_DISORDER_1_87,87,29.833498826185007,MEDLDALLSDLETTTSHMPRSGAPKERPAEPLTPPPSYGHQPQTGSGESSGASGDKDHLYSTVCKPRSPKPAAPAAPPFSSSSGVLG
O43294_DISORDER_116_152,37,18.06081460078911,PSSKVASGEQKEDQSEDKKRPSLPSSPSPGLPKASAT
O43294_DISORDER_172_205,34,18.066152137129727,NHLPASGPTQPPVVSSTNEGSPSPPEPTGKGSLD
O43295_DISORDER_205_225,21,12.801633640219684,HEDRPQRRSSVKKIEKMKEKR
O43295_DISORDER_471_493,23,15.339202605037917,ERAECGTTRPPCLPPKPQKMRRP
O43295_DISORDER_809_847,39,17.558628255234854,DSLSQKADSEASSGPLLDDKASSKNDLQSPTEHISDYGF
O43295_DISORDER_861_911,51,22.599028114062815,AAIPRRRSGGDTHSPPRGLGPSIDTPPRAAACPSSPHKIPLTRGRIESPEK
O43295_DISORDER_926_950,25,13.093230724334717,PDKKALSEGHSMRSTCGSTRHSSLG
O43295_DISORDER_995_1099,105,33.55846179587628,LEPLKNPPGPVSSEPASPLHTIVIRDPDAAMRRSSSSSTEMMTTFKPALSARLAGAQLRPPPMRPVRPVVQHRSSSSSSSGVGSPAVTPTEKMFPNSSADKSGTM
O43296_DISORDER_74_155,82,27.886224411035325,TRKEDLSQDTCPGDKGKPKTTEPTTCEPALSEGISLQGQVTQGNSVDSQLGQAEDQDGLSEMQEGHFRPGIDPQEKSPGKMS
O43296_DISORDER_174_194,21,11.983639796824116,EQVSPGDRVRSHNSCESGKDP
O43296_DISORDER_605_627,23,13.468785501475724,PEETSSSASDQPYQRETPQVSSL
O43298_DISORDER_134_153,20,11.43804483679295,LNHGSDHQSPSSSSYNGLVE
O43298_DISORDER_162_225,64,24.16337203979492,HTDFPKAQELRDGENEEESTKDELSSQLTEHEYLPSNSSTEHDRLSTEMASQDGEEGASDSAEF
O43303_DISORDER_611_633,23,13.301405503895278,QERQHLPEKRYPKGSGFVNKNKM
O43303_DISORDER_949_992,44,19.84294162349266,LQPNQGQNAPVHRLLSRQGTPKTSVKGVVQNRQKPSQSRVPNRV
O43307_DISORDER_453_480,28,16.120286277974476,PKQKGVNSARSVPPSYPPPQDPLNHGQY
O43309_DISORDER_154_175,22,12.833283096214377,KEGEPSMSLQSMKAQPKYESPE
O43309_DISORDER_198_264,67,25.061155944309984,EVSEEMEPHGKTSSKFENDMSKSARCGETREPEEITEEPSACSREDKQPTCDENGVSLTENSDHTEH
O43310_DISORDER_1_20,20,10.969301077412425,MENSSAASASSEAGSSRSQE
O43310_DISORDER_43_90,48,19.357486750363925,DKTEGDGESERTQSHISQWTADCSEPLDSSCSFSRGRAPPQQNGSKDN
O43310_DISORDER_180_336,157,37.21432529308783,IAHTKKLFRRRRNDRRRQQRPPGGNKPQQHGDHQPGSAKHNRDHQKSYQGGSAPHPSGRPTHHGYSQNRRWHHGNMKHPPGDKGEAGAHRNAKETMTIENPKLEDTAGDTGHSSLEAPRSPDTLAPVASERLPPQQSGGPEVETKRKDSILPERIGE
O43312_DISORDER_139_159,21,12.61590418662914,KKSSDTLKLQKKAKKGRGDIQ
O43312_DISORDER_255_305,51,19.755753751983946,SYQTPPSSPSTTMSRKSSVCSSLNSVNSSDSRSSGSHSHSPSSHYRYRSSN
O43312_DISORDER_327_351,25,14.515440464019775,QDAFQSKSPSPMPPEAPNQLSNGFS
O43312_DISORDER_428_470,43,19.398292668264023,RRKEKREPDPNGGGPTTASGPPAAAEEAQRPRSMTVSAATRPG
O43312_DISORDER_490_513,24,12.578434071844606,DTQRSSRDSLQCSSGYSTQTTTPC
O43312_DISORDER_563_755,193,48.332449856804296,QAKRPASTAGLPTTLGPAMVTPGVATIRRTPSTKPSVRRGTIGAGPIPIKTPVIPVKTPTVPDLPGVLPAPPDGPEERGEHSPESPSVGEGPQGVTSMPSSMWSGQASVNPPLPGPKPSIPEEHRQAIPESEAEDQEREPPSATVSPGQIPESDPADLSPRDTPQGEDMLNAIRRGVKLKKTTTNDRSAPRFS
O43313_DISORDER_28_67,40,19.471864262923383,GAAAAASGPWVPPGPRLRGSRPRPAGATQQPAVPAPPAGE
O43313_DISORDER_214_234,21,12.91061324572016,HEIPAEHRDPPSKKRKMENCA
O43313_DISORDER_268_289,22,12.67026885448536,EPSFEDSCGSNTDKQTLTTPPR
O43313_DISORDER_610_634,25,14.37901258468628,RSLLSDTNPGPDTQLPSGPAQNPGI
O43314_DISORDER_898_941,44,18.746901091102888,KGCEEDKNLPSGYGYRPASRENEGRRPFKIDNDDEPHTSKRDEV
O43314_DISORDER_957_1016,60,21.540112412925417,HIHRKSPLPRSRKTATNDEESPLSVSSPEGTGTWLHYTSGVGTGRRRRRSGEQITSSPVS
O43314_DISORDER_1185_1243,59,24.331120774281672,TPAKILPTPPATLKSTKASSKPATSGPSSAVVPNTSSRKKNITSKTETHEHKKNTGKKK
O43316_DISORDER_153_172,20,12.100110757436198,LTPHSGSETPRGTHPGTGHR
O43318_DISORDER_301_338,38,16.915019491503283,PCQYSDEGQSNSATSTGSFMDIASTNTSNKSDTNMEQV
O43318_DISORDER_354_391,38,17.35504209501626,KNQAKQQSESGRLSLGASRGSSVESLPPTSEGKRMSAD
O43318_DISORDER_443_493,51,21.552625875785647,LTVTGTEPGQVSSRSSSPSVRMITTSGPTSEKPTRSHPWTPDDSTDTNGSD
O43353_DISORDER_338_369,32,16.26244848902379,NHGPQEESCGSSQLHENSGSPETSRSLPAPQD
O43364_DISORDER_42_93,52,22.59696366017168,LSHSTLIPPPFEQTIPSLNPGSHPRHGAGGRPKPSPAGSRGSPVPAGALQPP
O43364_DISORDER_198_229,32,14.698975740159426,HKRQTQCKENQNSEGKCKSLEDSEKVEEDEEE
O43364_DISORDER_257_279,23,12.732245364567651,SQQQAPNGHNGDSQSFPVSPLTS
O43365_DISORDER_75_147,73,30.241364757956408,LSAPPSQPPSLGEPPLHPPPPQAAPPAPQPPQPAPQPPAPTPAAPPPPSSASPPQNASNNPTPANAAKSPLLN
O43365_DISORDER_159_196,38,17.262567889744822,MKESRQNTKQKTSSSSSGESCAGDKSPPGQASSKRART
O43365_DISORDER_247_338,92,31.494136006421463,KKDQKGKGMLTSSGGQSPSRSPVPPGAGGYLNSMHSLVNSVPYEPQSPPPFSKPPQGTYGLPPASYPASLPSCAPPPPPQKRYTAAGAGAGG
O43365_DISORDER_400_443,44,18.950655510484513,GAGPLGSGHHHGPGPGEPHPTYTDLTGHHPSQGRIQEAPKLTHL
O43374_DISORDER_781_803,23,14.02677675978764,EAHSSSPAGSPPSEPNCLLELQT
O43379_DISORDER_762_824,63,24.26692861683668,RQQQQHTNDKKRSGHPRQDTYVSTPSEIHSLSPGEQTEDDLEEECEPEEMLKTPSKDSLDPDP
O43379_DISORDER_908_935,28,14.661198999463483,ASLLSESESPQEAGRGHPSFLPQQKESS
O43379_DISORDER_962_1055,94,31.8292024538603,EVEAGPGDQQGDSYLRVSSDSPKDQSPPEDSGESEADLECSFAAIHSPAPPPDPAPRFATSLPHFPGCAGPTEDELSLPEGPSVPSSSLPQTPE
O43379_DISORDER_1339_1377,39,19.793160050273165,FRPSLPAPESPGLPAHPSNPQLPEARPGIPGGTASLLEP
O43390_DISORDER_1_24,24,12.970279640448307,MANQVNGNAVQLKEEEEPMDTSSV
O43390_DISORDER_412_456,45,20.624125652574453,PDKKRKERQAARQASRSTAYEDYYYHPPPRMPPPIRGRGRGGGRG
O43390_DISORDER_501_633,133,28.868105093394835,GRGGGRGGRGAPPPPRGRGAPPPRGRAGYSQRGAPLGPPRGSRGGRGGPAQQQRGRGSRGSRGNRGGNVGGKRKADGYNQPDSKRRQTNNQQNWGSQPIAQQPLQQGGDYSGNYGYNNDNQEFYQDTYGQQWK
O43395_DISORDER_73_135,63,23.022355594469833,GRSSRHSKSSSDRSRKRELKEVFGDDSEISKESSGVKKRRIPRFEEVEEEPEVIPGPPSESPG
O43395_DISORDER_153_183,31,17.16043792592053,IEERKKQLSFISPPTPQPKTPSSSQPERLPI
O43399_DISORDER_1_24,24,13.44347694730696,MDSAGQDINLNSPNKGLLSDSMTD
O43399_DISORDER_175_206,32,15.96192999519832,KSKVVGDRENGSDNLPSSAGSGDKPLSDPAPF
O43405_DISORDER_128_159,32,16.471220374311592,SSTQEATGQAVSTAHPPTGKRLKKTPEKKTGN
O43422_DISORDER_116_149,34,15.71862868557202,QKKIDETSEQEQKHKETNNSNAQNPSEEEGEGQD
O43426_DISORDER_1029_1322,294,61.82166324432884,HLQPSSSSGLGTSPSSSPRTSPCQSPTISEGPVPSLPIRPSRAPSRTPGPPSAQSSPIDAQPATPLPQKDPAQPLEPKRPPPPRPVAPPTRPAPPQRPPPPSGARSPAPTRKEFGGIGAPPSPGVARREMEAPKSPGTTRKDNIGRSQPSPQAGLAGPGPAGYSTARPTIPPRAGVISAPQSHARASAGRLTPESQSKTSETSKGSTFLPEPLKPQAAFPPQSSLPPPAQRLQEPLVPVAAPMPQSGPQPNLETPPQPPPRSRSSHSLPSEASSQPQVKTNGISDGKRESPLKI
O43426_DISORDER_1341_1360,20,13.023331980984056,SVQTSPVPTPDPKRLIQLPS
O43426_DISORDER_1370_1463,94,29.517354999427702,VSCMPTMPPIPARSQSQENMRSSPNPFITGLTRTNPFSDRTAAPGNPFRAKSEESEATSWFSKEEPVTISPFPSLQPLGHNKSRASSSLDGFKD
O43426_DISORDER_1535_1573,39,20.01777012337478,SRRPPPPPVPLLPPGTSPPVDPFTTLASKASPTLDFTER
O43432_DISORDER_1_36,36,18.75545024871826,MNSQPQTRSPFFQRPQIQPPRATIPNSSPSIRPGAQ
O43432_DISORDER_128_190,63,25.01815209303532,TQQQPPPAKREKKTIRIRDPNQGGKDITEEIMSGGGSRNPTPPIGRPTSTPTPPQQLPSQVPE
O43432_DISORDER_208_232,25,14.422874450683594,TPVTAASDQKQEEKPKPDPVLKSPS
O43432_DISORDER_305_332,28,15.452765050997424,SPREDTIPIPSLTSCTETSDPLPTNEND
O43432_DISORDER_567_620,54,21.546834242291503,VEENGEEAEPVRNGAESVSEGEGIDANSGSTDSSGDGVTFPFKPESWKPTDTEG
O43432_DISORDER_686_711,26,14.036453206170666,RQTPGGRGVPLLNVGSRRSQPGQRRE
O43432_DISORDER_729_749,21,12.377865702375251,AENAWKPSQKRDSQADDPENI
O43432_DISORDER_860_880,21,12.292452857352842,KELEAASAPEERTRLHDELEE
O43432_DISORDER_1017_1042,26,13.354455893636828,LMTKEKRRPGVQRVDEGGWNTVQGAK
O43432_DISORDER_1072_1219,148,38.03613348359318,LGSWGKGSSGGAKASETDALRSSASSLNRFSALQPPAPSGSTPSTPVEFDSRRTLTSRGSMGREKNDKPLPSATARPNTFMRGGSSKDLLDNQSQEEQRREMLETVKQLTGGVDVERNSTEAERNKTRESAKPEISAMSAHDKAALSE
O43435_DISORDER_23_72,50,22.8366056312954,AAGGFPGAASPGADPYGPREPPPPPPRYDPCAAAAPGAPGPPPPPHAYPF
O43439_DISORDER_25_105,81,29.892378330230713,KRVPAMPGSPVEVKIQSRSSPPTMPPLPPINPGGPRPVSFTPTALSNGINHSPPTLNGAPSPPQRFSNGPASSTSSALTNQ
O43439_DISORDER_229_265,37,18.369171195886207,VHGNGKRPSPERREENSFDRDTIAPEPPAKRVCTISP
O43439_DISORDER_397_427,31,14.706557937314257,RKTGTELVSRQHSPGSADSLSNDSQREFNSR
O43439_DISORDER_547_604,58,22.86474317593005,LHGQSPHGQGRPLLPVGRGSSARSADCSVPSPALDKTSATTSRSSTPASVTAIDTNGL
O43451_DISORDER_41_87,47,20.980901564475023,STAPDPGTTGTPDPGTTGTPDPGTTGTTHARTTGPPDPGTTGTTPVS
O43460_DISORDER_352_403,52,21.98364658866227,EEPSNPEASSSTSVTPDVSDNEPDHYRYSDTTDSDPENEPFDEDQHTQITKV
O43462_DISORDER_115_135,21,11.37581403930344,SSSSSSSSSSSSSSSSSSSSS
O43474_DISORDER_22_45,24,12.956761119004476,TFASGPAGREKTLRQAGAPNNRWR
O43491_DISORDER_1_80,80,27.468593496045703,MTTEVGSVSEVKKDSSQLGTDATKEKPKEVAENQQNQSSDPEEEKGSQPPPAAESQSSLRRQKREKETSESRGISRFIPP
O43491_DISORDER_93_196,104,33.074271097030945,AKDGGDKKEPTQAVVEEQVLDKEEPLPEEQRQAKGDAEEMAQKKQEIKVEVKEEKPSVSKEEKPSVSKVEMQPTELVSKEREEKVKETQEDKLEGGAAKRETKE
O43491_DISORDER_652_800,149,38.83222262744653,KRNFMESTPEPRPNEWEKRRITPLSLQTQGSSHETLNIVEEKKRAEVGKDERVITEEMNGKEISPGSGPGEIRKVEPVTQKDSTSLSSESSSSSSESEEEDVGEYRPHHRVTEGTIREEQEYEEEVEEEPRPAAKVVEREEAVPEASPV
O43493_DISORDER_27_377,351,67.33123419159348,KQEEAGVRPSAGNVSTHPSLSQRPGGSTKSHPEPQTPKDSPSKSSAEAQTPEDTPNKSGAEAKTQKDSSNKSGAEAKTQKGSTSKSGSEAQTTKDSTSKSHPELQTPKDSTGKSGAEAQTPEDSPNRSGAEAKTQKDSPSKSGSEAQTTKDVPNKSGADGQTPKDGSSKSGAEDQTPKDVPNKSGAEKQTPKDGSNKSGAEEQGPIDGPSKSGAEEQTSKDSPNKVVPEQPSRKDHSKPISNPSDNKELPKADTNQLADKGKLSPHAFKTESGEETDLISPPQEEVKSSEPTEDVEPKEAEDDDTGPEEGSPPKEEKEKMSGSASSENREGTLSDSTGSEKDDLYPNGSGN
O43497_DISORDER_1_48,48,19.882675537933068,MDEEEDGAGAEESGQPRSFMRLNDLSGAGGRPGPGSAEKDPGSADSEA
O43497_DISORDER_521_551,31,16.69474823833053,IQDRDANGSRRLMLPPPSTPALSGAPPGGAE
O43497_DISORDER_569_600,32,16.464061479210926,QAPPPRSPSEASGRTVGSGKVYPTVHTSPPPE
O43497_DISORDER_699_720,22,12.23161480969007,DAQHSDLRDPHSRRQRSLGPDA
O43497_DISORDER_991_1012,22,12.522325702785851,SQGGDANKSESEPDFFSPSLDG
O43497_DISORDER_1047_1230,184,40.410701506016174,PMSLPKSTSTGLGEALGPASRRTSSSGSAEPGAAHEMKSPPSARSSPHSPWSAASSWTSRRSSRNSLGRAPSLKRRSPSGERRSLLSGEGQESQDEEESSEEERASPAGSDHRHRGSLEREAKSSFDLPDTLQVPGLHRTASGRGSASEHQDCNGKSASGRLARALRPDDPPLDGDDADDEGNL
O43497_DISORDER_1878_1917,40,18.895860267866897,LSPQPHSPLGSPFLWPGVEGPDSPDSPKPGALHPAAHARS
O43497_DISORDER_2107_2129,23,14.84775125887058,SAPTWGTIPKLPPPGRSPLAQRP
O43497_DISORDER_2171_2244,74,26.04940063463773,GQSSTQAQQHSRSHSKISKHMTPPAPCPGPEPNWGKGPPETRSSLELDTELSWISGDLLPPGGQEEPPSPRDLK